conversation_id,segment_id,text,importance,speaker,start,end,split,prev_speaker,prev_text,next_speaker,next_text,prev_turn,cur_turn,next_turn,input_text
meeting01_importance_score,0,"Hailey Berry alumni, Yale students, Gauhar and Danat.",1,SPEAKER_02,0.354,4.239,train,,,SPEAKER_02,Welcome to our podcast.,[NO_PREV],"[SPEAKER_02] Hailey Berry alumni, Yale students, Gauhar and Danat.",[SPEAKER_02] Welcome to our podcast.,"[NO_PREV] [SEP] [SPEAKER_02] Hailey Berry alumni, Yale students, Gauhar and Danat. [SEP] [SPEAKER_02] Welcome to our podcast."
meeting01_importance_score,1,Welcome to our podcast.,0,SPEAKER_02,4.96,6.803,train,SPEAKER_02,"Hailey Berry alumni, Yale students, Gauhar and Danat.",SPEAKER_02,So let's start with Gauhar.,"[SPEAKER_02] Hailey Berry alumni, Yale students, Gauhar and Danat.",[SPEAKER_02] Welcome to our podcast.,[SPEAKER_02] So let's start with Gauhar.,"[SPEAKER_02] Hailey Berry alumni, Yale students, Gauhar and Danat. [SEP] [SPEAKER_02] Welcome to our podcast. [SEP] [SPEAKER_02] So let's start with Gauhar."
meeting01_importance_score,2,So let's start with Gauhar.,0,SPEAKER_02,7.283,8.485,train,SPEAKER_02,Welcome to our podcast.,SPEAKER_02,So could you please explain what major are you doing and what A levels you took at Hailey Berry and talk more about yourself?,[SPEAKER_02] Welcome to our podcast.,[SPEAKER_02] So let's start with Gauhar.,[SPEAKER_02] So could you please explain what major are you doing and what A levels you took at Hailey Berry and talk more about yourself?,[SPEAKER_02] Welcome to our podcast. [SEP] [SPEAKER_02] So let's start with Gauhar. [SEP] [SPEAKER_02] So could you please explain what major are you doing and what A levels you took at Hailey Berry and talk more about yourself?
meeting01_importance_score,3,So could you please explain what major are you doing and what A levels you took at Hailey Berry and talk more about yourself?,1,SPEAKER_02,8.525,17.037,train,SPEAKER_02,So let's start with Gauhar.,SPEAKER_00,Absolutely.,[SPEAKER_02] So let's start with Gauhar.,[SPEAKER_02] So could you please explain what major are you doing and what A levels you took at Hailey Berry and talk more about yourself?,[SPEAKER_00] Absolutely.,[SPEAKER_02] So let's start with Gauhar. [SEP] [SPEAKER_02] So could you please explain what major are you doing and what A levels you took at Hailey Berry and talk more about yourself? [SEP] [SPEAKER_00] Absolutely.
meeting01_importance_score,4,Absolutely.,0,SPEAKER_00,17.377,17.878,train,SPEAKER_02,So could you please explain what major are you doing and what A levels you took at Hailey Berry and talk more about yourself?,SPEAKER_00,Thank you so much for the introduction.,[SPEAKER_02] So could you please explain what major are you doing and what A levels you took at Hailey Berry and talk more about yourself?,[SPEAKER_00] Absolutely.,[SPEAKER_00] Thank you so much for the introduction.,[SPEAKER_02] So could you please explain what major are you doing and what A levels you took at Hailey Berry and talk more about yourself? [SEP] [SPEAKER_00] Absolutely. [SEP] [SPEAKER_00] Thank you so much for the introduction.
meeting01_importance_score,5,Thank you so much for the introduction.,0,SPEAKER_00,17.898,19.16,train,SPEAKER_00,Absolutely.,SPEAKER_00,My name is Gauhar.,[SPEAKER_00] Absolutely.,[SPEAKER_00] Thank you so much for the introduction.,[SPEAKER_00] My name is Gauhar.,[SPEAKER_00] Absolutely. [SEP] [SPEAKER_00] Thank you so much for the introduction. [SEP] [SPEAKER_00] My name is Gauhar.
meeting01_importance_score,6,My name is Gauhar.,1,SPEAKER_00,19.26,20.081,train,SPEAKER_00,Thank you so much for the introduction.,SPEAKER_00,"I'm a Hailey Berry Almaty class of 2020 alumna, and I'm currently in my fourth year at Yale University studying chemical engineering.",[SPEAKER_00] Thank you so much for the introduction.,[SPEAKER_00] My name is Gauhar.,"[SPEAKER_00] I'm a Hailey Berry Almaty class of 2020 alumna, and I'm currently in my fourth year at Yale University studying chemical engineering.","[SPEAKER_00] Thank you so much for the introduction. [SEP] [SPEAKER_00] My name is Gauhar. [SEP] [SPEAKER_00] I'm a Hailey Berry Almaty class of 2020 alumna, and I'm currently in my fourth year at Yale University studying chemical engineering."
meeting01_importance_score,7,"I'm a Hailey Berry Almaty class of 2020 alumna, and I'm currently in my fourth year at Yale University studying chemical engineering.",1,SPEAKER_00,20.602,29.554,train,SPEAKER_00,My name is Gauhar.,SPEAKER_00,"came in as a chemical engineer, and I'll be graduating also as a chemical engineer, and I'll be going into the chemical engineering industry, which I find very exciting because I always loved chemistry and maths in school, and this is what I took for A-levels, and I also took biology and French and Russian for A-levels.",[SPEAKER_00] My name is Gauhar.,"[SPEAKER_00] I'm a Hailey Berry Almaty class of 2020 alumna, and I'm currently in my fourth year at Yale University studying chemical engineering.","[SPEAKER_00] came in as a chemical engineer, and I'll be graduating also as a chemical engineer, and I'll be going into the chemical engineering industry, which I find very exciting because I always loved chemistry and maths in school, and this is what I took for A-levels, and I also took biology and French and Russian for A-levels.","[SPEAKER_00] My name is Gauhar. [SEP] [SPEAKER_00] I'm a Hailey Berry Almaty class of 2020 alumna, and I'm currently in my fourth year at Yale University studying chemical engineering. [SEP] [SPEAKER_00] came in as a chemical engineer, and I'll be graduating also as a chemical engineer, and I'll be going into the chemical engineering industry, which I find very exciting because I always loved chemistry and maths in school, and this is what I took for A-levels, and I also took biology and French and Russian for A-levels."
meeting01_importance_score,8,"came in as a chemical engineer, and I'll be graduating also as a chemical engineer, and I'll be going into the chemical engineering industry, which I find very exciting because I always loved chemistry and maths in school, and this is what I took for A-levels, and I also took biology and French and Russian for A-levels.",1,SPEAKER_00,29.73,49.594,train,SPEAKER_00,"I'm a Hailey Berry Almaty class of 2020 alumna, and I'm currently in my fourth year at Yale University studying chemical engineering.",SPEAKER_03,"What about you, Danav?","[SPEAKER_00] I'm a Hailey Berry Almaty class of 2020 alumna, and I'm currently in my fourth year at Yale University studying chemical engineering.","[SPEAKER_00] came in as a chemical engineer, and I'll be graduating also as a chemical engineer, and I'll be going into the chemical engineering industry, which I find very exciting because I always loved chemistry and maths in school, and this is what I took for A-levels, and I also took biology and French and Russian for A-levels.","[SPEAKER_03] What about you, Danav?","[SPEAKER_00] I'm a Hailey Berry Almaty class of 2020 alumna, and I'm currently in my fourth year at Yale University studying chemical engineering. [SEP] [SPEAKER_00] came in as a chemical engineer, and I'll be graduating also as a chemical engineer, and I'll be going into the chemical engineering industry, which I find very exciting because I always loved chemistry and maths in school, and this is what I took for A-levels, and I also took biology and French and Russian for A-levels. [SEP] [SPEAKER_03] What about you, Danav?"
meeting01_importance_score,9,"What about you, Danav?",0,SPEAKER_03,50.555,51.216,train,SPEAKER_00,"came in as a chemical engineer, and I'll be graduating also as a chemical engineer, and I'll be going into the chemical engineering industry, which I find very exciting because I always loved chemistry and maths in school, and this is what I took for A-levels, and I also took biology and French and Russian for A-levels.",SPEAKER_03,"Well, first of all, thanks for having us.","[SPEAKER_00] came in as a chemical engineer, and I'll be graduating also as a chemical engineer, and I'll be going into the chemical engineering industry, which I find very exciting because I always loved chemistry and maths in school, and this is what I took for A-levels, and I also took biology and French and Russian for A-levels.","[SPEAKER_03] What about you, Danav?","[SPEAKER_03] Well, first of all, thanks for having us.","[SPEAKER_00] came in as a chemical engineer, and I'll be graduating also as a chemical engineer, and I'll be going into the chemical engineering industry, which I find very exciting because I always loved chemistry and maths in school, and this is what I took for A-levels, and I also took biology and French and Russian for A-levels. [SEP] [SPEAKER_03] What about you, Danav? [SEP] [SPEAKER_03] Well, first of all, thanks for having us."
meeting01_importance_score,10,"Well, first of all, thanks for having us.",0,SPEAKER_03,51.857,54.48,train,SPEAKER_03,"What about you, Danav?",SPEAKER_03,"I graduated Halle Berry three years ago, class of 2022.","[SPEAKER_03] What about you, Danav?","[SPEAKER_03] Well, first of all, thanks for having us.","[SPEAKER_03] I graduated Halle Berry three years ago, class of 2022.","[SPEAKER_03] What about you, Danav? [SEP] [SPEAKER_03] Well, first of all, thanks for having us. [SEP] [SPEAKER_03] I graduated Halle Berry three years ago, class of 2022."
meeting01_importance_score,11,"I graduated Halle Berry three years ago, class of 2022.",1,SPEAKER_03,55.301,59.666,train,SPEAKER_03,"Well, first of all, thanks for having us.",SPEAKER_03,"I took math, further math, economics and physics.","[SPEAKER_03] Well, first of all, thanks for having us.","[SPEAKER_03] I graduated Halle Berry three years ago, class of 2022.","[SPEAKER_03] I took math, further math, economics and physics.","[SPEAKER_03] Well, first of all, thanks for having us. [SEP] [SPEAKER_03] I graduated Halle Berry three years ago, class of 2022. [SEP] [SPEAKER_03] I took math, further math, economics and physics."
meeting01_importance_score,12,"I took math, further math, economics and physics.",1,SPEAKER_03,60.194,63.178,train,SPEAKER_03,"I graduated Halle Berry three years ago, class of 2022.",SPEAKER_03,Now I study economics at Yale.,"[SPEAKER_03] I graduated Halle Berry three years ago, class of 2022.","[SPEAKER_03] I took math, further math, economics and physics.",[SPEAKER_03] Now I study economics at Yale.,"[SPEAKER_03] I graduated Halle Berry three years ago, class of 2022. [SEP] [SPEAKER_03] I took math, further math, economics and physics. [SEP] [SPEAKER_03] Now I study economics at Yale."
meeting01_importance_score,13,Now I study economics at Yale.,1,SPEAKER_03,63.899,65.521,train,SPEAKER_03,"I took math, further math, economics and physics.",SPEAKER_03,"I'm interested in finance, so after graduation I'll be probably going to finance.","[SPEAKER_03] I took math, further math, economics and physics.",[SPEAKER_03] Now I study economics at Yale.,"[SPEAKER_03] I'm interested in finance, so after graduation I'll be probably going to finance.","[SPEAKER_03] I took math, further math, economics and physics. [SEP] [SPEAKER_03] Now I study economics at Yale. [SEP] [SPEAKER_03] I'm interested in finance, so after graduation I'll be probably going to finance."
meeting01_importance_score,14,"I'm interested in finance, so after graduation I'll be probably going to finance.",1,SPEAKER_03,67.043,74.714,train,SPEAKER_03,Now I study economics at Yale.,SPEAKER_03,"And right now I'm a junior, so I have one more year left.",[SPEAKER_03] Now I study economics at Yale.,"[SPEAKER_03] I'm interested in finance, so after graduation I'll be probably going to finance.","[SPEAKER_03] And right now I'm a junior, so I have one more year left.","[SPEAKER_03] Now I study economics at Yale. [SEP] [SPEAKER_03] I'm interested in finance, so after graduation I'll be probably going to finance. [SEP] [SPEAKER_03] And right now I'm a junior, so I have one more year left."
meeting01_importance_score,15,"And right now I'm a junior, so I have one more year left.",1,SPEAKER_03,75.555,78.96,train,SPEAKER_03,"I'm interested in finance, so after graduation I'll be probably going to finance.",SPEAKER_02,That's pretty exciting.,"[SPEAKER_03] I'm interested in finance, so after graduation I'll be probably going to finance.","[SPEAKER_03] And right now I'm a junior, so I have one more year left.",[SPEAKER_02] That's pretty exciting.,"[SPEAKER_03] I'm interested in finance, so after graduation I'll be probably going to finance. [SEP] [SPEAKER_03] And right now I'm a junior, so I have one more year left. [SEP] [SPEAKER_02] That's pretty exciting."
meeting01_importance_score,16,That's pretty exciting.,0,SPEAKER_02,81.203,81.904,train,SPEAKER_03,"And right now I'm a junior, so I have one more year left.",SPEAKER_02,So could you please tell why Yale?,"[SPEAKER_03] And right now I'm a junior, so I have one more year left.",[SPEAKER_02] That's pretty exciting.,[SPEAKER_02] So could you please tell why Yale?,"[SPEAKER_03] And right now I'm a junior, so I have one more year left. [SEP] [SPEAKER_02] That's pretty exciting. [SEP] [SPEAKER_02] So could you please tell why Yale?"
meeting01_importance_score,17,So could you please tell why Yale?,1,SPEAKER_02,83.066,85.789,train,SPEAKER_02,That's pretty exciting.,SPEAKER_02,Why did you choose this school and why did you apply to Yale?,[SPEAKER_02] That's pretty exciting.,[SPEAKER_02] So could you please tell why Yale?,[SPEAKER_02] Why did you choose this school and why did you apply to Yale?,[SPEAKER_02] That's pretty exciting. [SEP] [SPEAKER_02] So could you please tell why Yale? [SEP] [SPEAKER_02] Why did you choose this school and why did you apply to Yale?
meeting01_importance_score,18,Why did you choose this school and why did you apply to Yale?,1,SPEAKER_02,85.97,89.074,train,SPEAKER_02,So could you please tell why Yale?,SPEAKER_02,in the first place.,[SPEAKER_02] So could you please tell why Yale?,[SPEAKER_02] Why did you choose this school and why did you apply to Yale?,[SPEAKER_02] in the first place.,[SPEAKER_02] So could you please tell why Yale? [SEP] [SPEAKER_02] Why did you choose this school and why did you apply to Yale? [SEP] [SPEAKER_02] in the first place.
meeting01_importance_score,19,in the first place.,0,SPEAKER_02,89.186,90.488,train,SPEAKER_02,Why did you choose this school and why did you apply to Yale?,SPEAKER_01,"And of course everyone wants to know if you applied early, early action, early decision, regular decision for some of you?",[SPEAKER_02] Why did you choose this school and why did you apply to Yale?,[SPEAKER_02] in the first place.,"[SPEAKER_01] And of course everyone wants to know if you applied early, early action, early decision, regular decision for some of you?","[SPEAKER_02] Why did you choose this school and why did you apply to Yale? [SEP] [SPEAKER_02] in the first place. [SEP] [SPEAKER_01] And of course everyone wants to know if you applied early, early action, early decision, regular decision for some of you?"
meeting01_importance_score,20,"And of course everyone wants to know if you applied early, early action, early decision, regular decision for some of you?",1,SPEAKER_01,90.508,97.918,train,SPEAKER_02,in the first place.,SPEAKER_00,"Yes, so I always knew that I wanted to go to America because I really loved the opportunity to explore various academic fields before committing to one and I applied to Yale because it's one of the best universities in the world and it's very well known for its liberal arts degree where you can",[SPEAKER_02] in the first place.,"[SPEAKER_01] And of course everyone wants to know if you applied early, early action, early decision, regular decision for some of you?","[SPEAKER_00] Yes, so I always knew that I wanted to go to America because I really loved the opportunity to explore various academic fields before committing to one and I applied to Yale because it's one of the best universities in the world and it's very well known for its liberal arts degree where you can","[SPEAKER_02] in the first place. [SEP] [SPEAKER_01] And of course everyone wants to know if you applied early, early action, early decision, regular decision for some of you? [SEP] [SPEAKER_00] Yes, so I always knew that I wanted to go to America because I really loved the opportunity to explore various academic fields before committing to one and I applied to Yale because it's one of the best universities in the world and it's very well known for its liberal arts degree where you can"
meeting01_importance_score,21,"Yes, so I always knew that I wanted to go to America because I really loved the opportunity to explore various academic fields before committing to one and I applied to Yale because it's one of the best universities in the world and it's very well known for its liberal arts degree where you can",1,SPEAKER_00,99.28,118.546,train,SPEAKER_01,"And of course everyone wants to know if you applied early, early action, early decision, regular decision for some of you?",SPEAKER_00,"do whatever classes you want and choose your major only at the end of your second year, which I found it very appealing because I was still, while I was applying, I was still kind of choosing what I wanted to do.","[SPEAKER_01] And of course everyone wants to know if you applied early, early action, early decision, regular decision for some of you?","[SPEAKER_00] Yes, so I always knew that I wanted to go to America because I really loved the opportunity to explore various academic fields before committing to one and I applied to Yale because it's one of the best universities in the world and it's very well known for its liberal arts degree where you can","[SPEAKER_00] do whatever classes you want and choose your major only at the end of your second year, which I found it very appealing because I was still, while I was applying, I was still kind of choosing what I wanted to do.","[SPEAKER_01] And of course everyone wants to know if you applied early, early action, early decision, regular decision for some of you? [SEP] [SPEAKER_00] Yes, so I always knew that I wanted to go to America because I really loved the opportunity to explore various academic fields before committing to one and I applied to Yale because it's one of the best universities in the world and it's very well known for its liberal arts degree where you can [SEP] [SPEAKER_00] do whatever classes you want and choose your major only at the end of your second year, which I found it very appealing because I was still, while I was applying, I was still kind of choosing what I wanted to do."
meeting01_importance_score,22,"do whatever classes you want and choose your major only at the end of your second year, which I found it very appealing because I was still, while I was applying, I was still kind of choosing what I wanted to do.",1,SPEAKER_00,118.978,130.853,train,SPEAKER_00,"Yes, so I always knew that I wanted to go to America because I really loved the opportunity to explore various academic fields before committing to one and I applied to Yale because it's one of the best universities in the world and it's very well known for its liberal arts degree where you can",SPEAKER_00,Your second question was?,"[SPEAKER_00] Yes, so I always knew that I wanted to go to America because I really loved the opportunity to explore various academic fields before committing to one and I applied to Yale because it's one of the best universities in the world and it's very well known for its liberal arts degree where you can","[SPEAKER_00] do whatever classes you want and choose your major only at the end of your second year, which I found it very appealing because I was still, while I was applying, I was still kind of choosing what I wanted to do.",[SPEAKER_00] Your second question was?,"[SPEAKER_00] Yes, so I always knew that I wanted to go to America because I really loved the opportunity to explore various academic fields before committing to one and I applied to Yale because it's one of the best universities in the world and it's very well known for its liberal arts degree where you can [SEP] [SPEAKER_00] do whatever classes you want and choose your major only at the end of your second year, which I found it very appealing because I was still, while I was applying, I was still kind of choosing what I wanted to do. [SEP] [SPEAKER_00] Your second question was?"
meeting01_importance_score,23,Your second question was?,0,SPEAKER_00,133.937,135.279,train,SPEAKER_00,"do whatever classes you want and choose your major only at the end of your second year, which I found it very appealing because I was still, while I was applying, I was still kind of choosing what I wanted to do.",SPEAKER_02,"Yeah, was it early decision or regular?","[SPEAKER_00] do whatever classes you want and choose your major only at the end of your second year, which I found it very appealing because I was still, while I was applying, I was still kind of choosing what I wanted to do.",[SPEAKER_00] Your second question was?,"[SPEAKER_02] Yeah, was it early decision or regular?","[SPEAKER_00] do whatever classes you want and choose your major only at the end of your second year, which I found it very appealing because I was still, while I was applying, I was still kind of choosing what I wanted to do. [SEP] [SPEAKER_00] Your second question was? [SEP] [SPEAKER_02] Yeah, was it early decision or regular?"
meeting01_importance_score,24,"Yeah, was it early decision or regular?",0,SPEAKER_02,135.86,138.363,train,SPEAKER_00,Your second question was?,SPEAKER_00,"Yeah, I applied early to Yale, early action.",[SPEAKER_00] Your second question was?,"[SPEAKER_02] Yeah, was it early decision or regular?","[SPEAKER_00] Yeah, I applied early to Yale, early action.","[SPEAKER_00] Your second question was? [SEP] [SPEAKER_02] Yeah, was it early decision or regular? [SEP] [SPEAKER_00] Yeah, I applied early to Yale, early action."
meeting01_importance_score,25,"Yeah, I applied early to Yale, early action.",1,SPEAKER_00,138.863,141.307,train,SPEAKER_02,"Yeah, was it early decision or regular?",SPEAKER_00,"So you apply early, but you don't necessarily have to commit to the university.","[SPEAKER_02] Yeah, was it early decision or regular?","[SPEAKER_00] Yeah, I applied early to Yale, early action.","[SPEAKER_00] So you apply early, but you don't necessarily have to commit to the university.","[SPEAKER_02] Yeah, was it early decision or regular? [SEP] [SPEAKER_00] Yeah, I applied early to Yale, early action. [SEP] [SPEAKER_00] So you apply early, but you don't necessarily have to commit to the university."
meeting01_importance_score,26,"So you apply early, but you don't necessarily have to commit to the university.",1,SPEAKER_00,141.527,147.154,train,SPEAKER_00,"Yeah, I applied early to Yale, early action.",SPEAKER_02,What were your feelings and like when you got like early notification that you got in and like you don't have to apply RG school During all the stress and then from December you're free from school It was such a good feeling.,"[SPEAKER_00] Yeah, I applied early to Yale, early action.","[SPEAKER_00] So you apply early, but you don't necessarily have to commit to the university.",[SPEAKER_02] What were your feelings and like when you got like early notification that you got in and like you don't have to apply RG school During all the stress and then from December you're free from school It was such a good feeling.,"[SPEAKER_00] Yeah, I applied early to Yale, early action. [SEP] [SPEAKER_00] So you apply early, but you don't necessarily have to commit to the university. [SEP] [SPEAKER_02] What were your feelings and like when you got like early notification that you got in and like you don't have to apply RG school During all the stress and then from December you're free from school It was such a good feeling."
meeting01_importance_score,27,What were your feelings and like when you got like early notification that you got in and like you don't have to apply RG school During all the stress and then from December you're free from school It was such a good feeling.,0,SPEAKER_02,147.266,160.767,train,SPEAKER_00,"So you apply early, but you don't necessarily have to commit to the university.",SPEAKER_00,I I don't know it.,"[SPEAKER_00] So you apply early, but you don't necessarily have to commit to the university.",[SPEAKER_02] What were your feelings and like when you got like early notification that you got in and like you don't have to apply RG school During all the stress and then from December you're free from school It was such a good feeling.,[SPEAKER_00] I I don't know it.,"[SPEAKER_00] So you apply early, but you don't necessarily have to commit to the university. [SEP] [SPEAKER_02] What were your feelings and like when you got like early notification that you got in and like you don't have to apply RG school During all the stress and then from December you're free from school It was such a good feeling. [SEP] [SPEAKER_00] I I don't know it."
meeting01_importance_score,28,I I don't know it.,0,SPEAKER_00,160.787,162.149,train,SPEAKER_02,What were your feelings and like when you got like early notification that you got in and like you don't have to apply RG school During all the stress and then from December you're free from school It was such a good feeling.,SPEAKER_00,"I think it was That level of happiness that I felt I have about no Yeah, I was just really really happy and my family was very happy for me and",[SPEAKER_02] What were your feelings and like when you got like early notification that you got in and like you don't have to apply RG school During all the stress and then from December you're free from school It was such a good feeling.,[SPEAKER_00] I I don't know it.,"[SPEAKER_00] I think it was That level of happiness that I felt I have about no Yeah, I was just really really happy and my family was very happy for me and","[SPEAKER_02] What were your feelings and like when you got like early notification that you got in and like you don't have to apply RG school During all the stress and then from December you're free from school It was such a good feeling. [SEP] [SPEAKER_00] I I don't know it. [SEP] [SPEAKER_00] I think it was That level of happiness that I felt I have about no Yeah, I was just really really happy and my family was very happy for me and"
meeting01_importance_score,29,"I think it was That level of happiness that I felt I have about no Yeah, I was just really really happy and my family was very happy for me and",1,SPEAKER_00,162.249,173.426,train,SPEAKER_00,I I don't know it.,SPEAKER_00,"I did prepare all my essays for regular, but I didn't end up sending them out.",[SPEAKER_00] I I don't know it.,"[SPEAKER_00] I think it was That level of happiness that I felt I have about no Yeah, I was just really really happy and my family was very happy for me and","[SPEAKER_00] I did prepare all my essays for regular, but I didn't end up sending them out.","[SPEAKER_00] I I don't know it. [SEP] [SPEAKER_00] I think it was That level of happiness that I felt I have about no Yeah, I was just really really happy and my family was very happy for me and [SEP] [SPEAKER_00] I did prepare all my essays for regular, but I didn't end up sending them out."
meeting01_importance_score,30,"I did prepare all my essays for regular, but I didn't end up sending them out.",1,SPEAKER_00,173.538,178.223,train,SPEAKER_00,"I think it was That level of happiness that I felt I have about no Yeah, I was just really really happy and my family was very happy for me and",SPEAKER_01,What was the first person that you tell that you got into Yale?,"[SPEAKER_00] I think it was That level of happiness that I felt I have about no Yeah, I was just really really happy and my family was very happy for me and","[SPEAKER_00] I did prepare all my essays for regular, but I didn't end up sending them out.",[SPEAKER_01] What was the first person that you tell that you got into Yale?,"[SPEAKER_00] I think it was That level of happiness that I felt I have about no Yeah, I was just really really happy and my family was very happy for me and [SEP] [SPEAKER_00] I did prepare all my essays for regular, but I didn't end up sending them out. [SEP] [SPEAKER_01] What was the first person that you tell that you got into Yale?"
meeting01_importance_score,31,What was the first person that you tell that you got into Yale?,1,SPEAKER_01,178.904,182.948,train,SPEAKER_00,"I did prepare all my essays for regular, but I didn't end up sending them out.",SPEAKER_00,It was 5 a.m. in Almaty because it comes out during the day in America.,"[SPEAKER_00] I did prepare all my essays for regular, but I didn't end up sending them out.",[SPEAKER_01] What was the first person that you tell that you got into Yale?,[SPEAKER_00] It was 5 a.m. in Almaty because it comes out during the day in America.,"[SPEAKER_00] I did prepare all my essays for regular, but I didn't end up sending them out. [SEP] [SPEAKER_01] What was the first person that you tell that you got into Yale? [SEP] [SPEAKER_00] It was 5 a.m. in Almaty because it comes out during the day in America."
meeting01_importance_score,32,It was 5 a.m. in Almaty because it comes out during the day in America.,1,SPEAKER_00,183.749,190.096,train,SPEAKER_01,What was the first person that you tell that you got into Yale?,SPEAKER_00,So I was there with my mom and I was checking the portal and I immediately saw that the portal has changed.,[SPEAKER_01] What was the first person that you tell that you got into Yale?,[SPEAKER_00] It was 5 a.m. in Almaty because it comes out during the day in America.,[SPEAKER_00] So I was there with my mom and I was checking the portal and I immediately saw that the portal has changed.,[SPEAKER_01] What was the first person that you tell that you got into Yale? [SEP] [SPEAKER_00] It was 5 a.m. in Almaty because it comes out during the day in America. [SEP] [SPEAKER_00] So I was there with my mom and I was checking the portal and I immediately saw that the portal has changed.
meeting01_importance_score,33,So I was there with my mom and I was checking the portal and I immediately saw that the portal has changed.,1,SPEAKER_00,190.136,198.646,train,SPEAKER_00,It was 5 a.m. in Almaty because it comes out during the day in America.,SPEAKER_00,So I didn't even click the video because there's a huge video with Bulldogs that comes out.,[SPEAKER_00] It was 5 a.m. in Almaty because it comes out during the day in America.,[SPEAKER_00] So I was there with my mom and I was checking the portal and I immediately saw that the portal has changed.,[SPEAKER_00] So I didn't even click the video because there's a huge video with Bulldogs that comes out.,[SPEAKER_00] It was 5 a.m. in Almaty because it comes out during the day in America. [SEP] [SPEAKER_00] So I was there with my mom and I was checking the portal and I immediately saw that the portal has changed. [SEP] [SPEAKER_00] So I didn't even click the video because there's a huge video with Bulldogs that comes out.
meeting01_importance_score,34,So I didn't even click the video because there's a huge video with Bulldogs that comes out.,1,SPEAKER_00,198.686,202.45,train,SPEAKER_00,So I was there with my mom and I was checking the portal and I immediately saw that the portal has changed.,SPEAKER_00,"And I just knew before I played the video, so I was like, Mom, I think that's it.",[SPEAKER_00] So I was there with my mom and I was checking the portal and I immediately saw that the portal has changed.,[SPEAKER_00] So I didn't even click the video because there's a huge video with Bulldogs that comes out.,"[SPEAKER_00] And I just knew before I played the video, so I was like, Mom, I think that's it.","[SPEAKER_00] So I was there with my mom and I was checking the portal and I immediately saw that the portal has changed. [SEP] [SPEAKER_00] So I didn't even click the video because there's a huge video with Bulldogs that comes out. [SEP] [SPEAKER_00] And I just knew before I played the video, so I was like, Mom, I think that's it."
meeting01_importance_score,35,"And I just knew before I played the video, so I was like, Mom, I think that's it.",1,SPEAKER_00,203.234,207.2,train,SPEAKER_00,So I didn't even click the video because there's a huge video with Bulldogs that comes out.,SPEAKER_00,"And then I screamed, and my sister was also in the house, and she heard my scream, and she knew that I got in.",[SPEAKER_00] So I didn't even click the video because there's a huge video with Bulldogs that comes out.,"[SPEAKER_00] And I just knew before I played the video, so I was like, Mom, I think that's it.","[SPEAKER_00] And then I screamed, and my sister was also in the house, and she heard my scream, and she knew that I got in.","[SPEAKER_00] So I didn't even click the video because there's a huge video with Bulldogs that comes out. [SEP] [SPEAKER_00] And I just knew before I played the video, so I was like, Mom, I think that's it. [SEP] [SPEAKER_00] And then I screamed, and my sister was also in the house, and she heard my scream, and she knew that I got in."
meeting01_importance_score,36,"And then I screamed, and my sister was also in the house, and she heard my scream, and she knew that I got in.",1,SPEAKER_00,207.22,213.069,train,SPEAKER_00,"And I just knew before I played the video, so I was like, Mom, I think that's it.",SPEAKER_03,That's so cool.,"[SPEAKER_00] And I just knew before I played the video, so I was like, Mom, I think that's it.","[SPEAKER_00] And then I screamed, and my sister was also in the house, and she heard my scream, and she knew that I got in.",[SPEAKER_03] That's so cool.,"[SPEAKER_00] And I just knew before I played the video, so I was like, Mom, I think that's it. [SEP] [SPEAKER_00] And then I screamed, and my sister was also in the house, and she heard my scream, and she knew that I got in. [SEP] [SPEAKER_03] That's so cool."
meeting01_importance_score,37,That's so cool.,0,SPEAKER_03,213.089,213.609,train,SPEAKER_00,"And then I screamed, and my sister was also in the house, and she heard my scream, and she knew that I got in.",SPEAKER_00,"And about you, Danan?","[SPEAKER_00] And then I screamed, and my sister was also in the house, and she heard my scream, and she knew that I got in.",[SPEAKER_03] That's so cool.,"[SPEAKER_00] And about you, Danan?","[SPEAKER_00] And then I screamed, and my sister was also in the house, and she heard my scream, and she knew that I got in. [SEP] [SPEAKER_03] That's so cool. [SEP] [SPEAKER_00] And about you, Danan?"
meeting01_importance_score,38,"And about you, Danan?",0,SPEAKER_00,214.431,215.412,train,SPEAKER_03,That's so cool.,SPEAKER_03,"Yeah, I was very intrigued by the liberal arts education as well.",[SPEAKER_03] That's so cool.,"[SPEAKER_00] And about you, Danan?","[SPEAKER_03] Yeah, I was very intrigued by the liberal arts education as well.","[SPEAKER_03] That's so cool. [SEP] [SPEAKER_00] And about you, Danan? [SEP] [SPEAKER_03] Yeah, I was very intrigued by the liberal arts education as well."
meeting01_importance_score,39,"Yeah, I was very intrigued by the liberal arts education as well.",1,SPEAKER_03,216.253,219.639,train,SPEAKER_00,"And about you, Danan?",SPEAKER_03,Trying to explore different fields was very appealing to me.,"[SPEAKER_00] And about you, Danan?","[SPEAKER_03] Yeah, I was very intrigued by the liberal arts education as well.",[SPEAKER_03] Trying to explore different fields was very appealing to me.,"[SPEAKER_00] And about you, Danan? [SEP] [SPEAKER_03] Yeah, I was very intrigued by the liberal arts education as well. [SEP] [SPEAKER_03] Trying to explore different fields was very appealing to me."
meeting01_importance_score,40,Trying to explore different fields was very appealing to me.,1,SPEAKER_03,220.239,223.164,train,SPEAKER_03,"Yeah, I was very intrigued by the liberal arts education as well.",SPEAKER_03,I didn't know exactly what I wanted to do.,"[SPEAKER_03] Yeah, I was very intrigued by the liberal arts education as well.",[SPEAKER_03] Trying to explore different fields was very appealing to me.,[SPEAKER_03] I didn't know exactly what I wanted to do.,"[SPEAKER_03] Yeah, I was very intrigued by the liberal arts education as well. [SEP] [SPEAKER_03] Trying to explore different fields was very appealing to me. [SEP] [SPEAKER_03] I didn't know exactly what I wanted to do."
meeting01_importance_score,41,I didn't know exactly what I wanted to do.,1,SPEAKER_03,223.184,227.751,train,SPEAKER_03,Trying to explore different fields was very appealing to me.,SPEAKER_03,I was interested in math.,[SPEAKER_03] Trying to explore different fields was very appealing to me.,[SPEAKER_03] I didn't know exactly what I wanted to do.,[SPEAKER_03] I was interested in math.,[SPEAKER_03] Trying to explore different fields was very appealing to me. [SEP] [SPEAKER_03] I didn't know exactly what I wanted to do. [SEP] [SPEAKER_03] I was interested in math.
meeting01_importance_score,42,I was interested in math.,1,SPEAKER_03,228.772,230.034,train,SPEAKER_03,I didn't know exactly what I wanted to do.,SPEAKER_03,physics and economics.,[SPEAKER_03] I didn't know exactly what I wanted to do.,[SPEAKER_03] I was interested in math.,[SPEAKER_03] physics and economics.,[SPEAKER_03] I didn't know exactly what I wanted to do. [SEP] [SPEAKER_03] I was interested in math. [SEP] [SPEAKER_03] physics and economics.
meeting01_importance_score,43,physics and economics.,1,SPEAKER_03,230.786,232.129,train,SPEAKER_03,I was interested in math.,SPEAKER_03,"I didn't know exactly if economics was right for me or math was right for me, so taking different classes in different fields really allowed me to explore what actually intrigues me.",[SPEAKER_03] I was interested in math.,[SPEAKER_03] physics and economics.,"[SPEAKER_03] I didn't know exactly if economics was right for me or math was right for me, so taking different classes in different fields really allowed me to explore what actually intrigues me.","[SPEAKER_03] I was interested in math. [SEP] [SPEAKER_03] physics and economics. [SEP] [SPEAKER_03] I didn't know exactly if economics was right for me or math was right for me, so taking different classes in different fields really allowed me to explore what actually intrigues me."
meeting01_importance_score,44,"I didn't know exactly if economics was right for me or math was right for me, so taking different classes in different fields really allowed me to explore what actually intrigues me.",1,SPEAKER_03,232.189,243.994,train,SPEAKER_03,physics and economics.,,,[SPEAKER_03] physics and economics.,"[SPEAKER_03] I didn't know exactly if economics was right for me or math was right for me, so taking different classes in different fields really allowed me to explore what actually intrigues me.",[NO_NEXT],"[SPEAKER_03] physics and economics. [SEP] [SPEAKER_03] I didn't know exactly if economics was right for me or math was right for me, so taking different classes in different fields really allowed me to explore what actually intrigues me. [SEP] [NO_NEXT]"
meeting02_importance_score,0,I didn't think about this until recently.,1,SPEAKER_01,0.162,2.446,train,,,SPEAKER_01,I knew about the lie from the beginning.,[NO_PREV],[SPEAKER_01] I didn't think about this until recently.,[SPEAKER_01] I knew about the lie from the beginning.,[NO_PREV] [SEP] [SPEAKER_01] I didn't think about this until recently. [SEP] [SPEAKER_01] I knew about the lie from the beginning.
meeting02_importance_score,1,I knew about the lie from the beginning.,1,SPEAKER_01,2.466,5.531,train,SPEAKER_01,I didn't think about this until recently.,SPEAKER_01,"I had found out, I overheard a conversation, I knew.",[SPEAKER_01] I didn't think about this until recently.,[SPEAKER_01] I knew about the lie from the beginning.,"[SPEAKER_01] I had found out, I overheard a conversation, I knew.","[SPEAKER_01] I didn't think about this until recently. [SEP] [SPEAKER_01] I knew about the lie from the beginning. [SEP] [SPEAKER_01] I had found out, I overheard a conversation, I knew."
meeting02_importance_score,2,"I had found out, I overheard a conversation, I knew.",1,SPEAKER_01,5.711,9.758,train,SPEAKER_01,I knew about the lie from the beginning.,SPEAKER_01,I was trying to have it flipped on you.,[SPEAKER_01] I knew about the lie from the beginning.,"[SPEAKER_01] I had found out, I overheard a conversation, I knew.",[SPEAKER_01] I was trying to have it flipped on you.,"[SPEAKER_01] I knew about the lie from the beginning. [SEP] [SPEAKER_01] I had found out, I overheard a conversation, I knew. [SEP] [SPEAKER_01] I was trying to have it flipped on you."
meeting02_importance_score,3,I was trying to have it flipped on you.,1,SPEAKER_01,9.778,13.304,train,SPEAKER_01,"I had found out, I overheard a conversation, I knew.",SPEAKER_01,Did I ever tell you that?,"[SPEAKER_01] I had found out, I overheard a conversation, I knew.",[SPEAKER_01] I was trying to have it flipped on you.,[SPEAKER_01] Did I ever tell you that?,"[SPEAKER_01] I had found out, I overheard a conversation, I knew. [SEP] [SPEAKER_01] I was trying to have it flipped on you. [SEP] [SPEAKER_01] Did I ever tell you that?"
meeting02_importance_score,4,Did I ever tell you that?,0,SPEAKER_01,13.344,14.726,train,SPEAKER_01,I was trying to have it flipped on you.,SPEAKER_01,"That I was talking to Erin and being like, this is a perfect time to like, let's make some big grand gesture that then puts you in a place where you're like, oh.",[SPEAKER_01] I was trying to have it flipped on you.,[SPEAKER_01] Did I ever tell you that?,"[SPEAKER_01] That I was talking to Erin and being like, this is a perfect time to like, let's make some big grand gesture that then puts you in a place where you're like, oh.","[SPEAKER_01] I was trying to have it flipped on you. [SEP] [SPEAKER_01] Did I ever tell you that? [SEP] [SPEAKER_01] That I was talking to Erin and being like, this is a perfect time to like, let's make some big grand gesture that then puts you in a place where you're like, oh."
meeting02_importance_score,5,"That I was talking to Erin and being like, this is a perfect time to like, let's make some big grand gesture that then puts you in a place where you're like, oh.",1,SPEAKER_01,14.766,24.562,train,SPEAKER_01,Did I ever tell you that?,SPEAKER_01,"Like we throw a huge part, like have it be like, oh, Angela threw a huge party for you and spent like a thousand dollars on it or something.",[SPEAKER_01] Did I ever tell you that?,"[SPEAKER_01] That I was talking to Erin and being like, this is a perfect time to like, let's make some big grand gesture that then puts you in a place where you're like, oh.","[SPEAKER_01] Like we throw a huge part, like have it be like, oh, Angela threw a huge party for you and spent like a thousand dollars on it or something.","[SPEAKER_01] Did I ever tell you that? [SEP] [SPEAKER_01] That I was talking to Erin and being like, this is a perfect time to like, let's make some big grand gesture that then puts you in a place where you're like, oh. [SEP] [SPEAKER_01] Like we throw a huge part, like have it be like, oh, Angela threw a huge party for you and spent like a thousand dollars on it or something."
meeting02_importance_score,6,"Like we throw a huge part, like have it be like, oh, Angela threw a huge party for you and spent like a thousand dollars on it or something.",1,SPEAKER_01,24.738,33.53,train,SPEAKER_01,"That I was talking to Erin and being like, this is a perfect time to like, let's make some big grand gesture that then puts you in a place where you're like, oh.",SPEAKER_01,"Like I was like, oh, I had all these ideas.","[SPEAKER_01] That I was talking to Erin and being like, this is a perfect time to like, let's make some big grand gesture that then puts you in a place where you're like, oh.","[SPEAKER_01] Like we throw a huge part, like have it be like, oh, Angela threw a huge party for you and spent like a thousand dollars on it or something.","[SPEAKER_01] Like I was like, oh, I had all these ideas.","[SPEAKER_01] That I was talking to Erin and being like, this is a perfect time to like, let's make some big grand gesture that then puts you in a place where you're like, oh. [SEP] [SPEAKER_01] Like we throw a huge part, like have it be like, oh, Angela threw a huge party for you and spent like a thousand dollars on it or something. [SEP] [SPEAKER_01] Like I was like, oh, I had all these ideas."
meeting02_importance_score,7,"Like I was like, oh, I had all these ideas.",1,SPEAKER_01,33.57,35.472,train,SPEAKER_01,"Like we throw a huge part, like have it be like, oh, Angela threw a huge party for you and spent like a thousand dollars on it or something.",SPEAKER_01,Damien's dying and his last wish is to see you happily married.,"[SPEAKER_01] Like we throw a huge part, like have it be like, oh, Angela threw a huge party for you and spent like a thousand dollars on it or something.","[SPEAKER_01] Like I was like, oh, I had all these ideas.",[SPEAKER_01] Damien's dying and his last wish is to see you happily married.,"[SPEAKER_01] Like we throw a huge part, like have it be like, oh, Angela threw a huge party for you and spent like a thousand dollars on it or something. [SEP] [SPEAKER_01] Like I was like, oh, I had all these ideas. [SEP] [SPEAKER_01] Damien's dying and his last wish is to see you happily married."
meeting02_importance_score,8,Damien's dying and his last wish is to see you happily married.,1,SPEAKER_01,35.492,41.16,train,SPEAKER_01,"Like I was like, oh, I had all these ideas.",SPEAKER_01,Is that a Russia?,"[SPEAKER_01] Like I was like, oh, I had all these ideas.",[SPEAKER_01] Damien's dying and his last wish is to see you happily married.,[SPEAKER_01] Is that a Russia?,"[SPEAKER_01] Like I was like, oh, I had all these ideas. [SEP] [SPEAKER_01] Damien's dying and his last wish is to see you happily married. [SEP] [SPEAKER_01] Is that a Russia?"
meeting02_importance_score,9,Is that a Russia?,0,SPEAKER_01,41.54,42.522,train,SPEAKER_01,Damien's dying and his last wish is to see you happily married.,SPEAKER_01,"No, but it didn't happen.",[SPEAKER_01] Damien's dying and his last wish is to see you happily married.,[SPEAKER_01] Is that a Russia?,"[SPEAKER_01] No, but it didn't happen.","[SPEAKER_01] Damien's dying and his last wish is to see you happily married. [SEP] [SPEAKER_01] Is that a Russia? [SEP] [SPEAKER_01] No, but it didn't happen."
meeting02_importance_score,10,"No, but it didn't happen.",1,SPEAKER_01,42.842,45.045,train,SPEAKER_01,Is that a Russia?,SPEAKER_00,"No, because I was also on guard.",[SPEAKER_01] Is that a Russia?,"[SPEAKER_01] No, but it didn't happen.","[SPEAKER_00] No, because I was also on guard.","[SPEAKER_01] Is that a Russia? [SEP] [SPEAKER_01] No, but it didn't happen. [SEP] [SPEAKER_00] No, because I was also on guard."
meeting02_importance_score,11,"No, because I was also on guard.",1,SPEAKER_00,45.125,47.408,train,SPEAKER_01,"No, but it didn't happen.",SPEAKER_00,"I was like, I knew that they were going to try.","[SPEAKER_01] No, but it didn't happen.","[SPEAKER_00] No, because I was also on guard.","[SPEAKER_00] I was like, I knew that they were going to try.","[SPEAKER_01] No, but it didn't happen. [SEP] [SPEAKER_00] No, because I was also on guard. [SEP] [SPEAKER_00] I was like, I knew that they were going to try."
meeting02_importance_score,12,"I was like, I knew that they were going to try.",1,SPEAKER_00,47.809,50.252,train,SPEAKER_00,"No, because I was also on guard.",SPEAKER_02,It got to you.,"[SPEAKER_00] No, because I was also on guard.","[SPEAKER_00] I was like, I knew that they were going to try.",[SPEAKER_02] It got to you.,"[SPEAKER_00] No, because I was also on guard. [SEP] [SPEAKER_00] I was like, I knew that they were going to try. [SEP] [SPEAKER_02] It got to you."
meeting02_importance_score,13,It got to you.,1,SPEAKER_02,50.292,51.153,train,SPEAKER_00,"I was like, I knew that they were going to try.",SPEAKER_02,We did.,"[SPEAKER_00] I was like, I knew that they were going to try.",[SPEAKER_02] It got to you.,[SPEAKER_02] We did.,"[SPEAKER_00] I was like, I knew that they were going to try. [SEP] [SPEAKER_02] It got to you. [SEP] [SPEAKER_02] We did."
meeting02_importance_score,14,We did.,0,SPEAKER_02,51.373,51.954,train,SPEAKER_02,It got to you.,SPEAKER_02,"We did joke a lot about like, oh my gosh, four months, like that really messed us up.",[SPEAKER_02] It got to you.,[SPEAKER_02] We did.,"[SPEAKER_02] We did joke a lot about like, oh my gosh, four months, like that really messed us up.","[SPEAKER_02] It got to you. [SEP] [SPEAKER_02] We did. [SEP] [SPEAKER_02] We did joke a lot about like, oh my gosh, four months, like that really messed us up."
meeting02_importance_score,15,"We did joke a lot about like, oh my gosh, four months, like that really messed us up.",1,SPEAKER_02,52.066,56.093,train,SPEAKER_02,We did.,SPEAKER_02,How was it for you?,[SPEAKER_02] We did.,"[SPEAKER_02] We did joke a lot about like, oh my gosh, four months, like that really messed us up.",[SPEAKER_02] How was it for you?,"[SPEAKER_02] We did. [SEP] [SPEAKER_02] We did joke a lot about like, oh my gosh, four months, like that really messed us up. [SEP] [SPEAKER_02] How was it for you?"
meeting02_importance_score,16,How was it for you?,1,SPEAKER_02,56.414,57.435,train,SPEAKER_02,"We did joke a lot about like, oh my gosh, four months, like that really messed us up.",SPEAKER_02,Terrible.,"[SPEAKER_02] We did joke a lot about like, oh my gosh, four months, like that really messed us up.",[SPEAKER_02] How was it for you?,[SPEAKER_02] Terrible.,"[SPEAKER_02] We did joke a lot about like, oh my gosh, four months, like that really messed us up. [SEP] [SPEAKER_02] How was it for you? [SEP] [SPEAKER_02] Terrible."
meeting02_importance_score,17,Terrible.,1,SPEAKER_02,57.596,57.976,train,SPEAKER_02,How was it for you?,SPEAKER_02,It was awful.,[SPEAKER_02] How was it for you?,[SPEAKER_02] Terrible.,[SPEAKER_02] It was awful.,[SPEAKER_02] How was it for you? [SEP] [SPEAKER_02] Terrible. [SEP] [SPEAKER_02] It was awful.
meeting02_importance_score,18,It was awful.,1,SPEAKER_02,58.157,58.577,train,SPEAKER_02,Terrible.,SPEAKER_00,"Awful, awful, awful.",[SPEAKER_02] Terrible.,[SPEAKER_02] It was awful.,"[SPEAKER_00] Awful, awful, awful.","[SPEAKER_02] Terrible. [SEP] [SPEAKER_02] It was awful. [SEP] [SPEAKER_00] Awful, awful, awful."
meeting02_importance_score,19,"Awful, awful, awful.",0,SPEAKER_00,58.657,60.0,train,SPEAKER_02,It was awful.,SPEAKER_00,"So I think I've told you this, Shayne.",[SPEAKER_02] It was awful.,"[SPEAKER_00] Awful, awful, awful.","[SPEAKER_00] So I think I've told you this, Shayne.","[SPEAKER_02] It was awful. [SEP] [SPEAKER_00] Awful, awful, awful. [SEP] [SPEAKER_00] So I think I've told you this, Shayne."
meeting02_importance_score,20,"So I think I've told you this, Shayne.",1,SPEAKER_00,60.08,61.723,train,SPEAKER_00,"Awful, awful, awful.",SPEAKER_00,"Damien, I thought Amanda was pranking me with her pregnancy.","[SPEAKER_00] Awful, awful, awful.","[SPEAKER_00] So I think I've told you this, Shayne.","[SPEAKER_00] Damien, I thought Amanda was pranking me with her pregnancy.","[SPEAKER_00] Awful, awful, awful. [SEP] [SPEAKER_00] So I think I've told you this, Shayne. [SEP] [SPEAKER_00] Damien, I thought Amanda was pranking me with her pregnancy."
meeting02_importance_score,21,"Damien, I thought Amanda was pranking me with her pregnancy.",1,SPEAKER_00,61.883,65.289,train,SPEAKER_00,"So I think I've told you this, Shayne.",SPEAKER_02,You were certain till like the end.,"[SPEAKER_00] So I think I've told you this, Shayne.","[SPEAKER_00] Damien, I thought Amanda was pranking me with her pregnancy.",[SPEAKER_02] You were certain till like the end.,"[SPEAKER_00] So I think I've told you this, Shayne. [SEP] [SPEAKER_00] Damien, I thought Amanda was pranking me with her pregnancy. [SEP] [SPEAKER_02] You were certain till like the end."
meeting02_importance_score,22,You were certain till like the end.,1,SPEAKER_02,65.409,66.952,train,SPEAKER_00,"Damien, I thought Amanda was pranking me with her pregnancy.",SPEAKER_00,Till the end.,"[SPEAKER_00] Damien, I thought Amanda was pranking me with her pregnancy.",[SPEAKER_02] You were certain till like the end.,[SPEAKER_00] Till the end.,"[SPEAKER_00] Damien, I thought Amanda was pranking me with her pregnancy. [SEP] [SPEAKER_02] You were certain till like the end. [SEP] [SPEAKER_00] Till the end."
meeting02_importance_score,23,Till the end.,0,SPEAKER_00,67.092,67.693,train,SPEAKER_02,You were certain till like the end.,SPEAKER_02,"I did just get, I was cleaning stuff up last night and I, another Reddit story auto played and it was the one where you turn to Amanda and you're like,",[SPEAKER_02] You were certain till like the end.,[SPEAKER_00] Till the end.,"[SPEAKER_02] I did just get, I was cleaning stuff up last night and I, another Reddit story auto played and it was the one where you turn to Amanda and you're like,","[SPEAKER_02] You were certain till like the end. [SEP] [SPEAKER_00] Till the end. [SEP] [SPEAKER_02] I did just get, I was cleaning stuff up last night and I, another Reddit story auto played and it was the one where you turn to Amanda and you're like,"
meeting02_importance_score,24,"I did just get, I was cleaning stuff up last night and I, another Reddit story auto played and it was the one where you turn to Amanda and you're like,",1,SPEAKER_02,67.713,75.186,train,SPEAKER_00,Till the end.,SPEAKER_02,Take that off.,[SPEAKER_00] Till the end.,"[SPEAKER_02] I did just get, I was cleaning stuff up last night and I, another Reddit story auto played and it was the one where you turn to Amanda and you're like,",[SPEAKER_02] Take that off.,"[SPEAKER_00] Till the end. [SEP] [SPEAKER_02] I did just get, I was cleaning stuff up last night and I, another Reddit story auto played and it was the one where you turn to Amanda and you're like, [SEP] [SPEAKER_02] Take that off."
meeting02_importance_score,25,Take that off.,1,SPEAKER_02,75.522,76.303,train,SPEAKER_02,"I did just get, I was cleaning stuff up last night and I, another Reddit story auto played and it was the one where you turn to Amanda and you're like,",SPEAKER_02,You can't tell a co-worker to take off their clothes.,"[SPEAKER_02] I did just get, I was cleaning stuff up last night and I, another Reddit story auto played and it was the one where you turn to Amanda and you're like,",[SPEAKER_02] Take that off.,[SPEAKER_02] You can't tell a co-worker to take off their clothes.,"[SPEAKER_02] I did just get, I was cleaning stuff up last night and I, another Reddit story auto played and it was the one where you turn to Amanda and you're like, [SEP] [SPEAKER_02] Take that off. [SEP] [SPEAKER_02] You can't tell a co-worker to take off their clothes."
meeting02_importance_score,26,You can't tell a co-worker to take off their clothes.,1,SPEAKER_02,77.204,78.967,train,SPEAKER_02,Take that off.,SPEAKER_02,"You're like, no, the baby bump.",[SPEAKER_02] Take that off.,[SPEAKER_02] You can't tell a co-worker to take off their clothes.,"[SPEAKER_02] You're like, no, the baby bump.","[SPEAKER_02] Take that off. [SEP] [SPEAKER_02] You can't tell a co-worker to take off their clothes. [SEP] [SPEAKER_02] You're like, no, the baby bump."
meeting02_importance_score,27,"You're like, no, the baby bump.",1,SPEAKER_02,78.987,80.429,train,SPEAKER_02,You can't tell a co-worker to take off their clothes.,SPEAKER_02,Take that off.,[SPEAKER_02] You can't tell a co-worker to take off their clothes.,"[SPEAKER_02] You're like, no, the baby bump.",[SPEAKER_02] Take that off.,"[SPEAKER_02] You can't tell a co-worker to take off their clothes. [SEP] [SPEAKER_02] You're like, no, the baby bump. [SEP] [SPEAKER_02] Take that off."
meeting02_importance_score,28,Take that off.,0,SPEAKER_02,80.449,81.17,train,SPEAKER_02,"You're like, no, the baby bump.",SPEAKER_00,It's fake.,"[SPEAKER_02] You're like, no, the baby bump.",[SPEAKER_02] Take that off.,[SPEAKER_00] It's fake.,"[SPEAKER_02] You're like, no, the baby bump. [SEP] [SPEAKER_02] Take that off. [SEP] [SPEAKER_00] It's fake."
meeting02_importance_score,29,It's fake.,1,SPEAKER_00,81.19,82.232,train,SPEAKER_02,Take that off.,SPEAKER_00,"No, 100%, I thought it was fake from the beginning.",[SPEAKER_02] Take that off.,[SPEAKER_00] It's fake.,"[SPEAKER_00] No, 100%, I thought it was fake from the beginning.","[SPEAKER_02] Take that off. [SEP] [SPEAKER_00] It's fake. [SEP] [SPEAKER_00] No, 100%, I thought it was fake from the beginning."
meeting02_importance_score,30,"No, 100%, I thought it was fake from the beginning.",1,SPEAKER_00,82.432,85.477,train,SPEAKER_00,It's fake.,SPEAKER_00,So funny.,[SPEAKER_00] It's fake.,"[SPEAKER_00] No, 100%, I thought it was fake from the beginning.",[SPEAKER_00] So funny.,"[SPEAKER_00] It's fake. [SEP] [SPEAKER_00] No, 100%, I thought it was fake from the beginning. [SEP] [SPEAKER_00] So funny."
meeting02_importance_score,31,So funny.,0,SPEAKER_00,85.497,86.258,train,SPEAKER_00,"No, 100%, I thought it was fake from the beginning.",SPEAKER_00,And that ruined me.,"[SPEAKER_00] No, 100%, I thought it was fake from the beginning.",[SPEAKER_00] So funny.,[SPEAKER_00] And that ruined me.,"[SPEAKER_00] No, 100%, I thought it was fake from the beginning. [SEP] [SPEAKER_00] So funny. [SEP] [SPEAKER_00] And that ruined me."
meeting02_importance_score,32,And that ruined me.,1,SPEAKER_00,86.278,87.82,train,SPEAKER_00,So funny.,SPEAKER_00,I know.,[SPEAKER_00] So funny.,[SPEAKER_00] And that ruined me.,[SPEAKER_00] I know.,[SPEAKER_00] So funny. [SEP] [SPEAKER_00] And that ruined me. [SEP] [SPEAKER_00] I know.
meeting02_importance_score,33,I know.,0,SPEAKER_00,88.04,88.461,train,SPEAKER_00,And that ruined me.,SPEAKER_00,"Because I was genuinely so happy for Amanda, but there was a part of me that was like, I can't get got.",[SPEAKER_00] And that ruined me.,[SPEAKER_00] I know.,"[SPEAKER_00] Because I was genuinely so happy for Amanda, but there was a part of me that was like, I can't get got.","[SPEAKER_00] And that ruined me. [SEP] [SPEAKER_00] I know. [SEP] [SPEAKER_00] Because I was genuinely so happy for Amanda, but there was a part of me that was like, I can't get got."
meeting02_importance_score,34,"Because I was genuinely so happy for Amanda, but there was a part of me that was like, I can't get got.",1,SPEAKER_00,88.601,93.769,train,SPEAKER_00,I know.,SPEAKER_01,I know.,[SPEAKER_00] I know.,"[SPEAKER_00] Because I was genuinely so happy for Amanda, but there was a part of me that was like, I can't get got.",[SPEAKER_01] I know.,"[SPEAKER_00] I know. [SEP] [SPEAKER_00] Because I was genuinely so happy for Amanda, but there was a part of me that was like, I can't get got. [SEP] [SPEAKER_01] I know."
meeting02_importance_score,35,I know.,0,SPEAKER_01,94.37,94.71,train,SPEAKER_00,"Because I was genuinely so happy for Amanda, but there was a part of me that was like, I can't get got.",SPEAKER_00,I can't get got.,"[SPEAKER_00] Because I was genuinely so happy for Amanda, but there was a part of me that was like, I can't get got.",[SPEAKER_01] I know.,[SPEAKER_00] I can't get got.,"[SPEAKER_00] Because I was genuinely so happy for Amanda, but there was a part of me that was like, I can't get got. [SEP] [SPEAKER_01] I know. [SEP] [SPEAKER_00] I can't get got."
meeting02_importance_score,36,I can't get got.,1,SPEAKER_00,94.75,96.012,train,SPEAKER_01,I know.,SPEAKER_00,That will ruin me.,[SPEAKER_01] I know.,[SPEAKER_00] I can't get got.,[SPEAKER_00] That will ruin me.,[SPEAKER_01] I know. [SEP] [SPEAKER_00] I can't get got. [SEP] [SPEAKER_00] That will ruin me.
meeting02_importance_score,37,That will ruin me.,1,SPEAKER_00,96.212,97.394,train,SPEAKER_00,I can't get got.,SPEAKER_00,"And Amanda has a story too where she showed me, I remember I was like, from the beginning, I was like, do you have any like sonograms or like, you know, anything that you can show me?",[SPEAKER_00] I can't get got.,[SPEAKER_00] That will ruin me.,"[SPEAKER_00] And Amanda has a story too where she showed me, I remember I was like, from the beginning, I was like, do you have any like sonograms or like, you know, anything that you can show me?","[SPEAKER_00] I can't get got. [SEP] [SPEAKER_00] That will ruin me. [SEP] [SPEAKER_00] And Amanda has a story too where she showed me, I remember I was like, from the beginning, I was like, do you have any like sonograms or like, you know, anything that you can show me?"
meeting02_importance_score,38,"And Amanda has a story too where she showed me, I remember I was like, from the beginning, I was like, do you have any like sonograms or like, you know, anything that you can show me?",1,SPEAKER_00,97.538,105.826,train,SPEAKER_00,That will ruin me.,SPEAKER_00,"And she was like, yeah, I have like a sonogram appointment like coming up.",[SPEAKER_00] That will ruin me.,"[SPEAKER_00] And Amanda has a story too where she showed me, I remember I was like, from the beginning, I was like, do you have any like sonograms or like, you know, anything that you can show me?","[SPEAKER_00] And she was like, yeah, I have like a sonogram appointment like coming up.","[SPEAKER_00] That will ruin me. [SEP] [SPEAKER_00] And Amanda has a story too where she showed me, I remember I was like, from the beginning, I was like, do you have any like sonograms or like, you know, anything that you can show me? [SEP] [SPEAKER_00] And she was like, yeah, I have like a sonogram appointment like coming up."
meeting02_importance_score,39,"And she was like, yeah, I have like a sonogram appointment like coming up.",1,SPEAKER_00,106.187,109.29,train,SPEAKER_00,"And Amanda has a story too where she showed me, I remember I was like, from the beginning, I was like, do you have any like sonograms or like, you know, anything that you can show me?",SPEAKER_00,"Like I, I soon enough.","[SPEAKER_00] And Amanda has a story too where she showed me, I remember I was like, from the beginning, I was like, do you have any like sonograms or like, you know, anything that you can show me?","[SPEAKER_00] And she was like, yeah, I have like a sonogram appointment like coming up.","[SPEAKER_00] Like I, I soon enough.","[SPEAKER_00] And Amanda has a story too where she showed me, I remember I was like, from the beginning, I was like, do you have any like sonograms or like, you know, anything that you can show me? [SEP] [SPEAKER_00] And she was like, yeah, I have like a sonogram appointment like coming up. [SEP] [SPEAKER_00] Like I, I soon enough."
meeting02_importance_score,40,"Like I, I soon enough.",0,SPEAKER_00,109.33,111.252,train,SPEAKER_00,"And she was like, yeah, I have like a sonogram appointment like coming up.",SPEAKER_00,"And I was like, yeah, make sure to like show me like I want some.","[SPEAKER_00] And she was like, yeah, I have like a sonogram appointment like coming up.","[SPEAKER_00] Like I, I soon enough.","[SPEAKER_00] And I was like, yeah, make sure to like show me like I want some.","[SPEAKER_00] And she was like, yeah, I have like a sonogram appointment like coming up. [SEP] [SPEAKER_00] Like I, I soon enough. [SEP] [SPEAKER_00] And I was like, yeah, make sure to like show me like I want some."
meeting02_importance_score,41,"And I was like, yeah, make sure to like show me like I want some.",1,SPEAKER_00,111.272,113.574,train,SPEAKER_00,"Like I, I soon enough.",SPEAKER_00,"She was like, yeah, for sure.","[SPEAKER_00] Like I, I soon enough.","[SPEAKER_00] And I was like, yeah, make sure to like show me like I want some.","[SPEAKER_00] She was like, yeah, for sure.","[SPEAKER_00] Like I, I soon enough. [SEP] [SPEAKER_00] And I was like, yeah, make sure to like show me like I want some. [SEP] [SPEAKER_00] She was like, yeah, for sure."
meeting02_importance_score,42,"She was like, yeah, for sure.",0,SPEAKER_00,113.954,114.935,train,SPEAKER_00,"And I was like, yeah, make sure to like show me like I want some.",SPEAKER_00,She had her sonogram appointment.,"[SPEAKER_00] And I was like, yeah, make sure to like show me like I want some.","[SPEAKER_00] She was like, yeah, for sure.",[SPEAKER_00] She had her sonogram appointment.,"[SPEAKER_00] And I was like, yeah, make sure to like show me like I want some. [SEP] [SPEAKER_00] She was like, yeah, for sure. [SEP] [SPEAKER_00] She had her sonogram appointment."
meeting02_importance_score,43,She had her sonogram appointment.,1,SPEAKER_00,115.296,116.577,train,SPEAKER_00,"She was like, yeah, for sure.",SPEAKER_00,"I still remember the date was like, it was February 15th.","[SPEAKER_00] She was like, yeah, for sure.",[SPEAKER_00] She had her sonogram appointment.,"[SPEAKER_00] I still remember the date was like, it was February 15th.","[SPEAKER_00] She was like, yeah, for sure. [SEP] [SPEAKER_00] She had her sonogram appointment. [SEP] [SPEAKER_00] I still remember the date was like, it was February 15th."
meeting02_importance_score,44,"I still remember the date was like, it was February 15th.",1,SPEAKER_00,116.597,119.38,train,SPEAKER_00,She had her sonogram appointment.,SPEAKER_00,"And she was like, here you go.",[SPEAKER_00] She had her sonogram appointment.,"[SPEAKER_00] I still remember the date was like, it was February 15th.","[SPEAKER_00] And she was like, here you go.","[SPEAKER_00] She had her sonogram appointment. [SEP] [SPEAKER_00] I still remember the date was like, it was February 15th. [SEP] [SPEAKER_00] And she was like, here you go."
meeting02_importance_score,45,"And she was like, here you go.",1,SPEAKER_00,119.82,120.781,train,SPEAKER_00,"I still remember the date was like, it was February 15th.",SPEAKER_00,And she handed it to me.,"[SPEAKER_00] I still remember the date was like, it was February 15th.","[SPEAKER_00] And she was like, here you go.",[SPEAKER_00] And she handed it to me.,"[SPEAKER_00] I still remember the date was like, it was February 15th. [SEP] [SPEAKER_00] And she was like, here you go. [SEP] [SPEAKER_00] And she handed it to me."
meeting02_importance_score,46,And she handed it to me.,1,SPEAKER_00,120.821,121.622,train,SPEAKER_00,"And she was like, here you go.",SPEAKER_00,And at the top it said February 14th.,"[SPEAKER_00] And she was like, here you go.",[SPEAKER_00] And she handed it to me.,[SPEAKER_00] And at the top it said February 14th.,"[SPEAKER_00] And she was like, here you go. [SEP] [SPEAKER_00] And she handed it to me. [SEP] [SPEAKER_00] And at the top it said February 14th."
meeting02_importance_score,47,And at the top it said February 14th.,1,SPEAKER_00,122.403,124.185,train,SPEAKER_00,And she handed it to me.,SPEAKER_00,"And I was like,",[SPEAKER_00] And she handed it to me.,[SPEAKER_00] And at the top it said February 14th.,"[SPEAKER_00] And I was like,","[SPEAKER_00] And she handed it to me. [SEP] [SPEAKER_00] And at the top it said February 14th. [SEP] [SPEAKER_00] And I was like,"
meeting02_importance_score,48,"And I was like,",0,SPEAKER_00,124.825,125.426,train,SPEAKER_00,And at the top it said February 14th.,SPEAKER_00,This was this morning that you had the sonogram.,[SPEAKER_00] And at the top it said February 14th.,"[SPEAKER_00] And I was like,",[SPEAKER_00] This was this morning that you had the sonogram.,"[SPEAKER_00] And at the top it said February 14th. [SEP] [SPEAKER_00] And I was like, [SEP] [SPEAKER_00] This was this morning that you had the sonogram."
meeting02_importance_score,49,This was this morning that you had the sonogram.,1,SPEAKER_00,125.922,128.191,train,SPEAKER_00,"And I was like,",SPEAKER_00,"And she was like, yep, just this morning.","[SPEAKER_00] And I was like,",[SPEAKER_00] This was this morning that you had the sonogram.,"[SPEAKER_00] And she was like, yep, just this morning.","[SPEAKER_00] And I was like, [SEP] [SPEAKER_00] This was this morning that you had the sonogram. [SEP] [SPEAKER_00] And she was like, yep, just this morning."
meeting02_importance_score,50,"And she was like, yep, just this morning.",1,SPEAKER_00,128.231,129.656,train,SPEAKER_00,This was this morning that you had the sonogram.,SPEAKER_00,"And I was like, that's so weird because the date says February 14th.",[SPEAKER_00] This was this morning that you had the sonogram.,"[SPEAKER_00] And she was like, yep, just this morning.","[SPEAKER_00] And I was like, that's so weird because the date says February 14th.","[SPEAKER_00] This was this morning that you had the sonogram. [SEP] [SPEAKER_00] And she was like, yep, just this morning. [SEP] [SPEAKER_00] And I was like, that's so weird because the date says February 14th."
meeting02_importance_score,51,"And I was like, that's so weird because the date says February 14th.",1,SPEAKER_00,129.757,132.989,train,SPEAKER_00,"And she was like, yep, just this morning.",SPEAKER_01,She must have been like.,"[SPEAKER_00] And she was like, yep, just this morning.","[SPEAKER_00] And I was like, that's so weird because the date says February 14th.",[SPEAKER_01] She must have been like.,"[SPEAKER_00] And she was like, yep, just this morning. [SEP] [SPEAKER_00] And I was like, that's so weird because the date says February 14th. [SEP] [SPEAKER_01] She must have been like."
meeting02_importance_score,52,She must have been like.,0,SPEAKER_01,134.074,135.218,train,SPEAKER_00,"And I was like, that's so weird because the date says February 14th.",SPEAKER_00,What the fuck is wrong with you?,"[SPEAKER_00] And I was like, that's so weird because the date says February 14th.",[SPEAKER_01] She must have been like.,[SPEAKER_00] What the fuck is wrong with you?,"[SPEAKER_00] And I was like, that's so weird because the date says February 14th. [SEP] [SPEAKER_01] She must have been like. [SEP] [SPEAKER_00] What the fuck is wrong with you?"
meeting02_importance_score,53,What the fuck is wrong with you?,0,SPEAKER_00,135.362,136.925,train,SPEAKER_01,She must have been like.,SPEAKER_00,"Well, I mean, it's the first sight of my baby, so I think I'm just focusing on that.",[SPEAKER_01] She must have been like.,[SPEAKER_00] What the fuck is wrong with you?,"[SPEAKER_00] Well, I mean, it's the first sight of my baby, so I think I'm just focusing on that.","[SPEAKER_01] She must have been like. [SEP] [SPEAKER_00] What the fuck is wrong with you? [SEP] [SPEAKER_00] Well, I mean, it's the first sight of my baby, so I think I'm just focusing on that."
meeting02_importance_score,54,"Well, I mean, it's the first sight of my baby, so I think I'm just focusing on that.",1,SPEAKER_00,136.945,145.3,train,SPEAKER_00,What the fuck is wrong with you?,SPEAKER_01,It reminds me of Reddit stories how the thing that's now most obvious if someone's like doing some shady shit is they're suspicious of everyone around them.,[SPEAKER_00] What the fuck is wrong with you?,"[SPEAKER_00] Well, I mean, it's the first sight of my baby, so I think I'm just focusing on that.",[SPEAKER_01] It reminds me of Reddit stories how the thing that's now most obvious if someone's like doing some shady shit is they're suspicious of everyone around them.,"[SPEAKER_00] What the fuck is wrong with you? [SEP] [SPEAKER_00] Well, I mean, it's the first sight of my baby, so I think I'm just focusing on that. [SEP] [SPEAKER_01] It reminds me of Reddit stories how the thing that's now most obvious if someone's like doing some shady shit is they're suspicious of everyone around them."
meeting02_importance_score,55,It reminds me of Reddit stories how the thing that's now most obvious if someone's like doing some shady shit is they're suspicious of everyone around them.,1,SPEAKER_01,145.32,155.017,train,SPEAKER_00,"Well, I mean, it's the first sight of my baby, so I think I'm just focusing on that.",SPEAKER_01,"Cause when you're doing some shady shit, you're then like,","[SPEAKER_00] Well, I mean, it's the first sight of my baby, so I think I'm just focusing on that.",[SPEAKER_01] It reminds me of Reddit stories how the thing that's now most obvious if someone's like doing some shady shit is they're suspicious of everyone around them.,"[SPEAKER_01] Cause when you're doing some shady shit, you're then like,","[SPEAKER_00] Well, I mean, it's the first sight of my baby, so I think I'm just focusing on that. [SEP] [SPEAKER_01] It reminds me of Reddit stories how the thing that's now most obvious if someone's like doing some shady shit is they're suspicious of everyone around them. [SEP] [SPEAKER_01] Cause when you're doing some shady shit, you're then like,"
meeting02_importance_score,56,"Cause when you're doing some shady shit, you're then like,",1,SPEAKER_01,155.037,157.682,train,SPEAKER_01,It reminds me of Reddit stories how the thing that's now most obvious if someone's like doing some shady shit is they're suspicious of everyone around them.,SPEAKER_01,"Well, other people are capable of doing shady shit to me.",[SPEAKER_01] It reminds me of Reddit stories how the thing that's now most obvious if someone's like doing some shady shit is they're suspicious of everyone around them.,"[SPEAKER_01] Cause when you're doing some shady shit, you're then like,","[SPEAKER_01] Well, other people are capable of doing shady shit to me.","[SPEAKER_01] It reminds me of Reddit stories how the thing that's now most obvious if someone's like doing some shady shit is they're suspicious of everyone around them. [SEP] [SPEAKER_01] Cause when you're doing some shady shit, you're then like, [SEP] [SPEAKER_01] Well, other people are capable of doing shady shit to me."
meeting02_importance_score,57,"Well, other people are capable of doing shady shit to me.",1,SPEAKER_01,157.794,159.796,train,SPEAKER_01,"Cause when you're doing some shady shit, you're then like,",SPEAKER_01,"Like, yeah.","[SPEAKER_01] Cause when you're doing some shady shit, you're then like,","[SPEAKER_01] Well, other people are capable of doing shady shit to me.","[SPEAKER_01] Like, yeah.","[SPEAKER_01] Cause when you're doing some shady shit, you're then like, [SEP] [SPEAKER_01] Well, other people are capable of doing shady shit to me. [SEP] [SPEAKER_01] Like, yeah."
meeting02_importance_score,58,"Like, yeah.",0,SPEAKER_01,159.816,160.516,train,SPEAKER_01,"Well, other people are capable of doing shady shit to me.",SPEAKER_00,"I literally, I believe nothing.","[SPEAKER_01] Well, other people are capable of doing shady shit to me.","[SPEAKER_01] Like, yeah.","[SPEAKER_00] I literally, I believe nothing.","[SPEAKER_01] Well, other people are capable of doing shady shit to me. [SEP] [SPEAKER_01] Like, yeah. [SEP] [SPEAKER_00] I literally, I believe nothing."
meeting02_importance_score,59,"I literally, I believe nothing.",1,SPEAKER_00,160.536,162.058,train,SPEAKER_01,"Like, yeah.",SPEAKER_00,I believe nothing these days.,"[SPEAKER_01] Like, yeah.","[SPEAKER_00] I literally, I believe nothing.",[SPEAKER_00] I believe nothing these days.,"[SPEAKER_01] Like, yeah. [SEP] [SPEAKER_00] I literally, I believe nothing. [SEP] [SPEAKER_00] I believe nothing these days."
meeting02_importance_score,60,I believe nothing these days.,1,SPEAKER_00,162.258,163.679,train,SPEAKER_00,"I literally, I believe nothing.",SPEAKER_00,It's actually awful.,"[SPEAKER_00] I literally, I believe nothing.",[SPEAKER_00] I believe nothing these days.,[SPEAKER_00] It's actually awful.,"[SPEAKER_00] I literally, I believe nothing. [SEP] [SPEAKER_00] I believe nothing these days. [SEP] [SPEAKER_00] It's actually awful."
meeting02_importance_score,61,It's actually awful.,1,SPEAKER_00,163.839,164.96,train,SPEAKER_00,I believe nothing these days.,SPEAKER_00,The four months was terrible.,[SPEAKER_00] I believe nothing these days.,[SPEAKER_00] It's actually awful.,[SPEAKER_00] The four months was terrible.,[SPEAKER_00] I believe nothing these days. [SEP] [SPEAKER_00] It's actually awful. [SEP] [SPEAKER_00] The four months was terrible.
meeting02_importance_score,62,The four months was terrible.,1,SPEAKER_00,165.02,166.081,train,SPEAKER_00,It's actually awful.,SPEAKER_00,Nobody was more excited for the reveal than me because I needed to relieve myself of the guilt.,[SPEAKER_00] It's actually awful.,[SPEAKER_00] The four months was terrible.,[SPEAKER_00] Nobody was more excited for the reveal than me because I needed to relieve myself of the guilt.,[SPEAKER_00] It's actually awful. [SEP] [SPEAKER_00] The four months was terrible. [SEP] [SPEAKER_00] Nobody was more excited for the reveal than me because I needed to relieve myself of the guilt.
meeting02_importance_score,63,Nobody was more excited for the reveal than me because I needed to relieve myself of the guilt.,1,SPEAKER_00,166.221,171.526,train,SPEAKER_00,The four months was terrible.,SPEAKER_00,"The reason that Shayne knows was because Courtney got too involved, where she was excited and getting emotions involved.",[SPEAKER_00] The four months was terrible.,[SPEAKER_00] Nobody was more excited for the reveal than me because I needed to relieve myself of the guilt.,"[SPEAKER_00] The reason that Shayne knows was because Courtney got too involved, where she was excited and getting emotions involved.","[SPEAKER_00] The four months was terrible. [SEP] [SPEAKER_00] Nobody was more excited for the reveal than me because I needed to relieve myself of the guilt. [SEP] [SPEAKER_00] The reason that Shayne knows was because Courtney got too involved, where she was excited and getting emotions involved."
meeting02_importance_score,64,"The reason that Shayne knows was because Courtney got too involved, where she was excited and getting emotions involved.",1,SPEAKER_00,171.726,178.592,train,SPEAKER_00,Nobody was more excited for the reveal than me because I needed to relieve myself of the guilt.,SPEAKER_00,"So then I was like, hey, we have to tell Courtney because she's getting too involved and I don't want people to be manipulated.",[SPEAKER_00] Nobody was more excited for the reveal than me because I needed to relieve myself of the guilt.,"[SPEAKER_00] The reason that Shayne knows was because Courtney got too involved, where she was excited and getting emotions involved.","[SPEAKER_00] So then I was like, hey, we have to tell Courtney because she's getting too involved and I don't want people to be manipulated.","[SPEAKER_00] Nobody was more excited for the reveal than me because I needed to relieve myself of the guilt. [SEP] [SPEAKER_00] The reason that Shayne knows was because Courtney got too involved, where she was excited and getting emotions involved. [SEP] [SPEAKER_00] So then I was like, hey, we have to tell Courtney because she's getting too involved and I don't want people to be manipulated."
meeting02_importance_score,65,"So then I was like, hey, we have to tell Courtney because she's getting too involved and I don't want people to be manipulated.",1,SPEAKER_00,178.812,183.897,train,SPEAKER_00,"The reason that Shayne knows was because Courtney got too involved, where she was excited and getting emotions involved.",SPEAKER_00,"So we told Courtney and then by proxy, Shayne had overheard.","[SPEAKER_00] The reason that Shayne knows was because Courtney got too involved, where she was excited and getting emotions involved.","[SPEAKER_00] So then I was like, hey, we have to tell Courtney because she's getting too involved and I don't want people to be manipulated.","[SPEAKER_00] So we told Courtney and then by proxy, Shayne had overheard.","[SPEAKER_00] The reason that Shayne knows was because Courtney got too involved, where she was excited and getting emotions involved. [SEP] [SPEAKER_00] So then I was like, hey, we have to tell Courtney because she's getting too involved and I don't want people to be manipulated. [SEP] [SPEAKER_00] So we told Courtney and then by proxy, Shayne had overheard."
meeting02_importance_score,66,"So we told Courtney and then by proxy, Shayne had overheard.",1,SPEAKER_00,184.697,187.78,train,SPEAKER_00,"So then I was like, hey, we have to tell Courtney because she's getting too involved and I don't want people to be manipulated.",SPEAKER_01,I realized looking back like I probably looked like a cold-hearted bastard because at these things I was never saying congrats or anything to you.,"[SPEAKER_00] So then I was like, hey, we have to tell Courtney because she's getting too involved and I don't want people to be manipulated.","[SPEAKER_00] So we told Courtney and then by proxy, Shayne had overheard.",[SPEAKER_01] I realized looking back like I probably looked like a cold-hearted bastard because at these things I was never saying congrats or anything to you.,"[SPEAKER_00] So then I was like, hey, we have to tell Courtney because she's getting too involved and I don't want people to be manipulated. [SEP] [SPEAKER_00] So we told Courtney and then by proxy, Shayne had overheard. [SEP] [SPEAKER_01] I realized looking back like I probably looked like a cold-hearted bastard because at these things I was never saying congrats or anything to you."
meeting02_importance_score,67,I realized looking back like I probably looked like a cold-hearted bastard because at these things I was never saying congrats or anything to you.,1,SPEAKER_01,187.76,199.497,train,SPEAKER_00,"So we told Courtney and then by proxy, Shayne had overheard.",SPEAKER_01,"I was like, you probably give me like, I'm engaged.","[SPEAKER_00] So we told Courtney and then by proxy, Shayne had overheard.",[SPEAKER_01] I realized looking back like I probably looked like a cold-hearted bastard because at these things I was never saying congrats or anything to you.,"[SPEAKER_01] I was like, you probably give me like, I'm engaged.","[SPEAKER_00] So we told Courtney and then by proxy, Shayne had overheard. [SEP] [SPEAKER_01] I realized looking back like I probably looked like a cold-hearted bastard because at these things I was never saying congrats or anything to you. [SEP] [SPEAKER_01] I was like, you probably give me like, I'm engaged."
meeting02_importance_score,68,"I was like, you probably give me like, I'm engaged.",0,SPEAKER_01,199.517,201.38,train,SPEAKER_01,I realized looking back like I probably looked like a cold-hearted bastard because at these things I was never saying congrats or anything to you.,SPEAKER_01,"And I was like, oh shit.",[SPEAKER_01] I realized looking back like I probably looked like a cold-hearted bastard because at these things I was never saying congrats or anything to you.,"[SPEAKER_01] I was like, you probably give me like, I'm engaged.","[SPEAKER_01] And I was like, oh shit.","[SPEAKER_01] I realized looking back like I probably looked like a cold-hearted bastard because at these things I was never saying congrats or anything to you. [SEP] [SPEAKER_01] I was like, you probably give me like, I'm engaged. [SEP] [SPEAKER_01] And I was like, oh shit."
meeting02_importance_score,69,"And I was like, oh shit.",0,SPEAKER_01,201.4,206.127,train,SPEAKER_01,"I was like, you probably give me like, I'm engaged.",SPEAKER_01,"But I'm just like, oh shit.","[SPEAKER_01] I was like, you probably give me like, I'm engaged.","[SPEAKER_01] And I was like, oh shit.","[SPEAKER_01] But I'm just like, oh shit.","[SPEAKER_01] I was like, you probably give me like, I'm engaged. [SEP] [SPEAKER_01] And I was like, oh shit. [SEP] [SPEAKER_01] But I'm just like, oh shit."
meeting02_importance_score,70,"But I'm just like, oh shit.",0,SPEAKER_01,206.147,207.268,train,SPEAKER_01,"And I was like, oh shit.",SPEAKER_01,I realized I did not.,"[SPEAKER_01] And I was like, oh shit.","[SPEAKER_01] But I'm just like, oh shit.",[SPEAKER_01] I realized I did not.,"[SPEAKER_01] And I was like, oh shit. [SEP] [SPEAKER_01] But I'm just like, oh shit. [SEP] [SPEAKER_01] I realized I did not."
meeting02_importance_score,71,I realized I did not.,0,SPEAKER_01,207.308,208.53,train,SPEAKER_01,"But I'm just like, oh shit.",SPEAKER_01,play a bunch of a part in it.,"[SPEAKER_01] But I'm just like, oh shit.",[SPEAKER_01] I realized I did not.,[SPEAKER_01] play a bunch of a part in it.,"[SPEAKER_01] But I'm just like, oh shit. [SEP] [SPEAKER_01] I realized I did not. [SEP] [SPEAKER_01] play a bunch of a part in it."
meeting02_importance_score,72,play a bunch of a part in it.,0,SPEAKER_01,208.578,210.02,train,SPEAKER_01,I realized I did not.,SPEAKER_00,"And it's so okay, again, that's what I wanted.",[SPEAKER_01] I realized I did not.,[SPEAKER_01] play a bunch of a part in it.,"[SPEAKER_00] And it's so okay, again, that's what I wanted.","[SPEAKER_01] I realized I did not. [SEP] [SPEAKER_01] play a bunch of a part in it. [SEP] [SPEAKER_00] And it's so okay, again, that's what I wanted."
meeting02_importance_score,73,"And it's so okay, again, that's what I wanted.",1,SPEAKER_00,210.701,213.185,train,SPEAKER_01,play a bunch of a part in it.,SPEAKER_00,I wanted distance from it.,[SPEAKER_01] play a bunch of a part in it.,"[SPEAKER_00] And it's so okay, again, that's what I wanted.",[SPEAKER_00] I wanted distance from it.,"[SPEAKER_01] play a bunch of a part in it. [SEP] [SPEAKER_00] And it's so okay, again, that's what I wanted. [SEP] [SPEAKER_00] I wanted distance from it."
meeting02_importance_score,74,I wanted distance from it.,1,SPEAKER_00,213.205,215.027,train,SPEAKER_00,"And it's so okay, again, that's what I wanted.",SPEAKER_00,"I wanted, because I think that's how I had told you and Olivia was, it was such a quick like, hey, just want to like let you in on this, now forget about it.","[SPEAKER_00] And it's so okay, again, that's what I wanted.",[SPEAKER_00] I wanted distance from it.,"[SPEAKER_00] I wanted, because I think that's how I had told you and Olivia was, it was such a quick like, hey, just want to like let you in on this, now forget about it.","[SPEAKER_00] And it's so okay, again, that's what I wanted. [SEP] [SPEAKER_00] I wanted distance from it. [SEP] [SPEAKER_00] I wanted, because I think that's how I had told you and Olivia was, it was such a quick like, hey, just want to like let you in on this, now forget about it."
meeting02_importance_score,75,"I wanted, because I think that's how I had told you and Olivia was, it was such a quick like, hey, just want to like let you in on this, now forget about it.",1,SPEAKER_00,215.348,223.099,train,SPEAKER_00,I wanted distance from it.,SPEAKER_02,"No, Arasha, my friend, my friend, I found out on Bit City by watching Bit City.",[SPEAKER_00] I wanted distance from it.,"[SPEAKER_00] I wanted, because I think that's how I had told you and Olivia was, it was such a quick like, hey, just want to like let you in on this, now forget about it.","[SPEAKER_02] No, Arasha, my friend, my friend, I found out on Bit City by watching Bit City.","[SPEAKER_00] I wanted distance from it. [SEP] [SPEAKER_00] I wanted, because I think that's how I had told you and Olivia was, it was such a quick like, hey, just want to like let you in on this, now forget about it. [SEP] [SPEAKER_02] No, Arasha, my friend, my friend, I found out on Bit City by watching Bit City."
meeting02_importance_score,76,"No, Arasha, my friend, my friend, I found out on Bit City by watching Bit City.",1,SPEAKER_02,223.119,229.188,train,SPEAKER_00,"I wanted, because I think that's how I had told you and Olivia was, it was such a quick like, hey, just want to like let you in on this, now forget about it.",UNKNOWN,I saw the reveal.,"[SPEAKER_00] I wanted, because I think that's how I had told you and Olivia was, it was such a quick like, hey, just want to like let you in on this, now forget about it.","[SPEAKER_02] No, Arasha, my friend, my friend, I found out on Bit City by watching Bit City.",[UNKNOWN] I saw the reveal.,"[SPEAKER_00] I wanted, because I think that's how I had told you and Olivia was, it was such a quick like, hey, just want to like let you in on this, now forget about it. [SEP] [SPEAKER_02] No, Arasha, my friend, my friend, I found out on Bit City by watching Bit City. [SEP] [UNKNOWN] I saw the reveal."
meeting02_importance_score,77,I saw the reveal.,1,UNKNOWN,230.59,230.93,train,SPEAKER_02,"No, Arasha, my friend, my friend, I found out on Bit City by watching Bit City.",SPEAKER_00,"Oh, but that it wasn't real, that it wasn't real, right?","[SPEAKER_02] No, Arasha, my friend, my friend, I found out on Bit City by watching Bit City.",[UNKNOWN] I saw the reveal.,"[SPEAKER_00] Oh, but that it wasn't real, that it wasn't real, right?","[SPEAKER_02] No, Arasha, my friend, my friend, I found out on Bit City by watching Bit City. [SEP] [UNKNOWN] I saw the reveal. [SEP] [SPEAKER_00] Oh, but that it wasn't real, that it wasn't real, right?"
meeting02_importance_score,78,"Oh, but that it wasn't real, that it wasn't real, right?",0,SPEAKER_00,232.482,235.229,train,UNKNOWN,I saw the reveal.,SPEAKER_01,"I saw the reveal that it wasn't real, and it was just like, well, shit.",[UNKNOWN] I saw the reveal.,"[SPEAKER_00] Oh, but that it wasn't real, that it wasn't real, right?","[SPEAKER_01] I saw the reveal that it wasn't real, and it was just like, well, shit.","[UNKNOWN] I saw the reveal. [SEP] [SPEAKER_00] Oh, but that it wasn't real, that it wasn't real, right? [SEP] [SPEAKER_01] I saw the reveal that it wasn't real, and it was just like, well, shit."
meeting02_importance_score,79,"I saw the reveal that it wasn't real, and it was just like, well, shit.",1,SPEAKER_01,235.249,237.655,train,SPEAKER_00,"Oh, but that it wasn't real, that it wasn't real, right?",SPEAKER_01,But also like- That saved you from finding out in summer games.,"[SPEAKER_00] Oh, but that it wasn't real, that it wasn't real, right?","[SPEAKER_01] I saw the reveal that it wasn't real, and it was just like, well, shit.",[SPEAKER_01] But also like- That saved you from finding out in summer games.,"[SPEAKER_00] Oh, but that it wasn't real, that it wasn't real, right? [SEP] [SPEAKER_01] I saw the reveal that it wasn't real, and it was just like, well, shit. [SEP] [SPEAKER_01] But also like- That saved you from finding out in summer games."
meeting02_importance_score,80,But also like- That saved you from finding out in summer games.,1,SPEAKER_01,237.936,240.523,train,SPEAKER_01,"I saw the reveal that it wasn't real, and it was just like, well, shit.",SPEAKER_00,Which I wish.,"[SPEAKER_01] I saw the reveal that it wasn't real, and it was just like, well, shit.",[SPEAKER_01] But also like- That saved you from finding out in summer games.,[SPEAKER_00] Which I wish.,"[SPEAKER_01] I saw the reveal that it wasn't real, and it was just like, well, shit. [SEP] [SPEAKER_01] But also like- That saved you from finding out in summer games. [SEP] [SPEAKER_00] Which I wish."
meeting02_importance_score,81,Which I wish.,0,SPEAKER_00,240.844,241.465,train,SPEAKER_01,But also like- That saved you from finding out in summer games.,SPEAKER_01,"Right, I got to have the shock at home.",[SPEAKER_01] But also like- That saved you from finding out in summer games.,[SPEAKER_00] Which I wish.,"[SPEAKER_01] Right, I got to have the shock at home.","[SPEAKER_01] But also like- That saved you from finding out in summer games. [SEP] [SPEAKER_00] Which I wish. [SEP] [SPEAKER_01] Right, I got to have the shock at home."
meeting02_importance_score,82,"Right, I got to have the shock at home.",1,SPEAKER_01,241.485,243.611,train,SPEAKER_00,Which I wish.,SPEAKER_00,Yeah.,[SPEAKER_00] Which I wish.,"[SPEAKER_01] Right, I got to have the shock at home.",[SPEAKER_00] Yeah.,"[SPEAKER_00] Which I wish. [SEP] [SPEAKER_01] Right, I got to have the shock at home. [SEP] [SPEAKER_00] Yeah."
meeting02_importance_score,83,Yeah.,0,SPEAKER_00,243.791,244.613,train,SPEAKER_01,"Right, I got to have the shock at home.",UNKNOWN,Yeah.,"[SPEAKER_01] Right, I got to have the shock at home.",[SPEAKER_00] Yeah.,[UNKNOWN] Yeah.,"[SPEAKER_01] Right, I got to have the shock at home. [SEP] [SPEAKER_00] Yeah. [SEP] [UNKNOWN] Yeah."
meeting02_importance_score,84,Yeah.,0,UNKNOWN,244.774,244.874,train,SPEAKER_00,Yeah.,,,[SPEAKER_00] Yeah.,[UNKNOWN] Yeah.,[NO_NEXT],[SPEAKER_00] Yeah. [SEP] [UNKNOWN] Yeah. [SEP] [NO_NEXT]
meeting03_importance_score,0,How helpful is this going to be to Andrew Cuomo to have Trump and Musk behind him?,1,SPEAKER_01,0.034,4.661,train,,,SPEAKER_02,To Andrew Cuomo?,[NO_PREV],[SPEAKER_01] How helpful is this going to be to Andrew Cuomo to have Trump and Musk behind him?,[SPEAKER_02] To Andrew Cuomo?,[NO_PREV] [SEP] [SPEAKER_01] How helpful is this going to be to Andrew Cuomo to have Trump and Musk behind him? [SEP] [SPEAKER_02] To Andrew Cuomo?
meeting03_importance_score,1,To Andrew Cuomo?,0,SPEAKER_02,5.964,7.366,train,SPEAKER_01,How helpful is this going to be to Andrew Cuomo to have Trump and Musk behind him?,SPEAKER_02,"I don't think very, I think he has done plenty of work himself to dig the hole deep enough that it's pretty obvious he's not going to win.",[SPEAKER_01] How helpful is this going to be to Andrew Cuomo to have Trump and Musk behind him?,[SPEAKER_02] To Andrew Cuomo?,"[SPEAKER_02] I don't think very, I think he has done plenty of work himself to dig the hole deep enough that it's pretty obvious he's not going to win.","[SPEAKER_01] How helpful is this going to be to Andrew Cuomo to have Trump and Musk behind him? [SEP] [SPEAKER_02] To Andrew Cuomo? [SEP] [SPEAKER_02] I don't think very, I think he has done plenty of work himself to dig the hole deep enough that it's pretty obvious he's not going to win."
meeting03_importance_score,2,"I don't think very, I think he has done plenty of work himself to dig the hole deep enough that it's pretty obvious he's not going to win.",1,SPEAKER_02,7.386,12.875,train,SPEAKER_02,To Andrew Cuomo?,SPEAKER_02,"You know, for Zoran's campaign, My Group Leaders We Deserve was the largest contributor to the independent expenditure in support of him spending $300,000 in support.",[SPEAKER_02] To Andrew Cuomo?,"[SPEAKER_02] I don't think very, I think he has done plenty of work himself to dig the hole deep enough that it's pretty obvious he's not going to win.","[SPEAKER_02] You know, for Zoran's campaign, My Group Leaders We Deserve was the largest contributor to the independent expenditure in support of him spending $300,000 in support.","[SPEAKER_02] To Andrew Cuomo? [SEP] [SPEAKER_02] I don't think very, I think he has done plenty of work himself to dig the hole deep enough that it's pretty obvious he's not going to win. [SEP] [SPEAKER_02] You know, for Zoran's campaign, My Group Leaders We Deserve was the largest contributor to the independent expenditure in support of him spending $300,000 in support."
meeting03_importance_score,3,"You know, for Zoran's campaign, My Group Leaders We Deserve was the largest contributor to the independent expenditure in support of him spending $300,000 in support.",1,SPEAKER_02,13.295,20.667,train,SPEAKER_02,"I don't think very, I think he has done plenty of work himself to dig the hole deep enough that it's pretty obvious he's not going to win.",SPEAKER_02,"And what I think, while there's a lot of debates going on right now in our party about do we go left, do we go to the right, do we go to the center,","[SPEAKER_02] I don't think very, I think he has done plenty of work himself to dig the hole deep enough that it's pretty obvious he's not going to win.","[SPEAKER_02] You know, for Zoran's campaign, My Group Leaders We Deserve was the largest contributor to the independent expenditure in support of him spending $300,000 in support.","[SPEAKER_02] And what I think, while there's a lot of debates going on right now in our party about do we go left, do we go to the right, do we go to the center,","[SPEAKER_02] I don't think very, I think he has done plenty of work himself to dig the hole deep enough that it's pretty obvious he's not going to win. [SEP] [SPEAKER_02] You know, for Zoran's campaign, My Group Leaders We Deserve was the largest contributor to the independent expenditure in support of him spending $300,000 in support. [SEP] [SPEAKER_02] And what I think, while there's a lot of debates going on right now in our party about do we go left, do we go to the right, do we go to the center,"
meeting03_importance_score,4,"And what I think, while there's a lot of debates going on right now in our party about do we go left, do we go to the right, do we go to the center,",1,SPEAKER_02,21.208,27.218,train,SPEAKER_02,"You know, for Zoran's campaign, My Group Leaders We Deserve was the largest contributor to the independent expenditure in support of him spending $300,000 in support.",SPEAKER_02,"There is a lot to be learned from this race, not necessarily about policy, no other city is like New York City, but a lot about the power of listening.","[SPEAKER_02] You know, for Zoran's campaign, My Group Leaders We Deserve was the largest contributor to the independent expenditure in support of him spending $300,000 in support.","[SPEAKER_02] And what I think, while there's a lot of debates going on right now in our party about do we go left, do we go to the right, do we go to the center,","[SPEAKER_02] There is a lot to be learned from this race, not necessarily about policy, no other city is like New York City, but a lot about the power of listening.","[SPEAKER_02] You know, for Zoran's campaign, My Group Leaders We Deserve was the largest contributor to the independent expenditure in support of him spending $300,000 in support. [SEP] [SPEAKER_02] And what I think, while there's a lot of debates going on right now in our party about do we go left, do we go to the right, do we go to the center, [SEP] [SPEAKER_02] There is a lot to be learned from this race, not necessarily about policy, no other city is like New York City, but a lot about the power of listening."
meeting03_importance_score,5,"There is a lot to be learned from this race, not necessarily about policy, no other city is like New York City, but a lot about the power of listening.",1,SPEAKER_02,27.458,34.627,train,SPEAKER_02,"And what I think, while there's a lot of debates going on right now in our party about do we go left, do we go to the right, do we go to the center,",SPEAKER_02,"One of the things that Zuron did in this race is he went to voters and asked them, what do you want to see in your mayor?","[SPEAKER_02] And what I think, while there's a lot of debates going on right now in our party about do we go left, do we go to the right, do we go to the center,","[SPEAKER_02] There is a lot to be learned from this race, not necessarily about policy, no other city is like New York City, but a lot about the power of listening.","[SPEAKER_02] One of the things that Zuron did in this race is he went to voters and asked them, what do you want to see in your mayor?","[SPEAKER_02] And what I think, while there's a lot of debates going on right now in our party about do we go left, do we go to the right, do we go to the center, [SEP] [SPEAKER_02] There is a lot to be learned from this race, not necessarily about policy, no other city is like New York City, but a lot about the power of listening. [SEP] [SPEAKER_02] One of the things that Zuron did in this race is he went to voters and asked them, what do you want to see in your mayor?"
meeting03_importance_score,6,"One of the things that Zuron did in this race is he went to voters and asked them, what do you want to see in your mayor?",1,SPEAKER_02,35.067,41.215,train,SPEAKER_02,"There is a lot to be learned from this race, not necessarily about policy, no other city is like New York City, but a lot about the power of listening.",SPEAKER_02,And listened to them and had a clear message around affordability.,"[SPEAKER_02] There is a lot to be learned from this race, not necessarily about policy, no other city is like New York City, but a lot about the power of listening.","[SPEAKER_02] One of the things that Zuron did in this race is he went to voters and asked them, what do you want to see in your mayor?",[SPEAKER_02] And listened to them and had a clear message around affordability.,"[SPEAKER_02] There is a lot to be learned from this race, not necessarily about policy, no other city is like New York City, but a lot about the power of listening. [SEP] [SPEAKER_02] One of the things that Zuron did in this race is he went to voters and asked them, what do you want to see in your mayor? [SEP] [SPEAKER_02] And listened to them and had a clear message around affordability."
meeting03_importance_score,7,And listened to them and had a clear message around affordability.,1,SPEAKER_02,41.595,43.838,train,SPEAKER_02,"One of the things that Zuron did in this race is he went to voters and asked them, what do you want to see in your mayor?",SPEAKER_02,"And whether it's the governor's race in Virginia, the governor's race in New Jersey, or the mayoral race in New York, or other races around the country, there's a clear through line, even if some of them are more moderate and more to the left, of talking about affordability and not just saying,","[SPEAKER_02] One of the things that Zuron did in this race is he went to voters and asked them, what do you want to see in your mayor?",[SPEAKER_02] And listened to them and had a clear message around affordability.,"[SPEAKER_02] And whether it's the governor's race in Virginia, the governor's race in New Jersey, or the mayoral race in New York, or other races around the country, there's a clear through line, even if some of them are more moderate and more to the left, of talking about affordability and not just saying,","[SPEAKER_02] One of the things that Zuron did in this race is he went to voters and asked them, what do you want to see in your mayor? [SEP] [SPEAKER_02] And listened to them and had a clear message around affordability. [SEP] [SPEAKER_02] And whether it's the governor's race in Virginia, the governor's race in New Jersey, or the mayoral race in New York, or other races around the country, there's a clear through line, even if some of them are more moderate and more to the left, of talking about affordability and not just saying,"
meeting03_importance_score,8,"And whether it's the governor's race in Virginia, the governor's race in New Jersey, or the mayoral race in New York, or other races around the country, there's a clear through line, even if some of them are more moderate and more to the left, of talking about affordability and not just saying,",1,SPEAKER_02,43.858,56.594,train,SPEAKER_02,And listened to them and had a clear message around affordability.,SPEAKER_02,"Oh, we need to lower prices, but saying what they're actually going to do on it.",[SPEAKER_02] And listened to them and had a clear message around affordability.,"[SPEAKER_02] And whether it's the governor's race in Virginia, the governor's race in New Jersey, or the mayoral race in New York, or other races around the country, there's a clear through line, even if some of them are more moderate and more to the left, of talking about affordability and not just saying,","[SPEAKER_02] Oh, we need to lower prices, but saying what they're actually going to do on it.","[SPEAKER_02] And listened to them and had a clear message around affordability. [SEP] [SPEAKER_02] And whether it's the governor's race in Virginia, the governor's race in New Jersey, or the mayoral race in New York, or other races around the country, there's a clear through line, even if some of them are more moderate and more to the left, of talking about affordability and not just saying, [SEP] [SPEAKER_02] Oh, we need to lower prices, but saying what they're actually going to do on it."
meeting03_importance_score,9,"Oh, we need to lower prices, but saying what they're actually going to do on it.",1,SPEAKER_02,56.77,59.974,train,SPEAKER_02,"And whether it's the governor's race in Virginia, the governor's race in New Jersey, or the mayoral race in New York, or other races around the country, there's a clear through line, even if some of them are more moderate and more to the left, of talking about affordability and not just saying,",SPEAKER_02,"And it's a clear sign, in my view, that there's real generational change coming in our party, because the whole thing we didn't talk about when it was about Trump versus Biden is that the reason why we even have to debate that is because of how damn old they are.","[SPEAKER_02] And whether it's the governor's race in Virginia, the governor's race in New Jersey, or the mayoral race in New York, or other races around the country, there's a clear through line, even if some of them are more moderate and more to the left, of talking about affordability and not just saying,","[SPEAKER_02] Oh, we need to lower prices, but saying what they're actually going to do on it.","[SPEAKER_02] And it's a clear sign, in my view, that there's real generational change coming in our party, because the whole thing we didn't talk about when it was about Trump versus Biden is that the reason why we even have to debate that is because of how damn old they are.","[SPEAKER_02] And whether it's the governor's race in Virginia, the governor's race in New Jersey, or the mayoral race in New York, or other races around the country, there's a clear through line, even if some of them are more moderate and more to the left, of talking about affordability and not just saying, [SEP] [SPEAKER_02] Oh, we need to lower prices, but saying what they're actually going to do on it. [SEP] [SPEAKER_02] And it's a clear sign, in my view, that there's real generational change coming in our party, because the whole thing we didn't talk about when it was about Trump versus Biden is that the reason why we even have to debate that is because of how damn old they are."
meeting03_importance_score,10,"And it's a clear sign, in my view, that there's real generational change coming in our party, because the whole thing we didn't talk about when it was about Trump versus Biden is that the reason why we even have to debate that is because of how damn old they are.",1,SPEAKER_02,60.274,70.906,train,SPEAKER_02,"Oh, we need to lower prices, but saying what they're actually going to do on it.",SPEAKER_01,"Well, do you think that there's some truth to what he's saying, Penny?","[SPEAKER_02] Oh, we need to lower prices, but saying what they're actually going to do on it.","[SPEAKER_02] And it's a clear sign, in my view, that there's real generational change coming in our party, because the whole thing we didn't talk about when it was about Trump versus Biden is that the reason why we even have to debate that is because of how damn old they are.","[SPEAKER_01] Well, do you think that there's some truth to what he's saying, Penny?","[SPEAKER_02] Oh, we need to lower prices, but saying what they're actually going to do on it. [SEP] [SPEAKER_02] And it's a clear sign, in my view, that there's real generational change coming in our party, because the whole thing we didn't talk about when it was about Trump versus Biden is that the reason why we even have to debate that is because of how damn old they are. [SEP] [SPEAKER_01] Well, do you think that there's some truth to what he's saying, Penny?"
meeting03_importance_score,11,"Well, do you think that there's some truth to what he's saying, Penny?",1,SPEAKER_01,71.146,73.93,train,SPEAKER_02,"And it's a clear sign, in my view, that there's real generational change coming in our party, because the whole thing we didn't talk about when it was about Trump versus Biden is that the reason why we even have to debate that is because of how damn old they are.",SPEAKER_01,"The idea that, you know, Republicans have been saying, oh, he's a socialist, he's a socialist, as if that was going to be enough to stop Mom Donnie.","[SPEAKER_02] And it's a clear sign, in my view, that there's real generational change coming in our party, because the whole thing we didn't talk about when it was about Trump versus Biden is that the reason why we even have to debate that is because of how damn old they are.","[SPEAKER_01] Well, do you think that there's some truth to what he's saying, Penny?","[SPEAKER_01] The idea that, you know, Republicans have been saying, oh, he's a socialist, he's a socialist, as if that was going to be enough to stop Mom Donnie.","[SPEAKER_02] And it's a clear sign, in my view, that there's real generational change coming in our party, because the whole thing we didn't talk about when it was about Trump versus Biden is that the reason why we even have to debate that is because of how damn old they are. [SEP] [SPEAKER_01] Well, do you think that there's some truth to what he's saying, Penny? [SEP] [SPEAKER_01] The idea that, you know, Republicans have been saying, oh, he's a socialist, he's a socialist, as if that was going to be enough to stop Mom Donnie."
meeting03_importance_score,12,"The idea that, you know, Republicans have been saying, oh, he's a socialist, he's a socialist, as if that was going to be enough to stop Mom Donnie.",1,SPEAKER_01,73.95,81.298,train,SPEAKER_01,"Well, do you think that there's some truth to what he's saying, Penny?",SPEAKER_01,but really what voters are responding to is what Mamdani is saying.,"[SPEAKER_01] Well, do you think that there's some truth to what he's saying, Penny?","[SPEAKER_01] The idea that, you know, Republicans have been saying, oh, he's a socialist, he's a socialist, as if that was going to be enough to stop Mom Donnie.",[SPEAKER_01] but really what voters are responding to is what Mamdani is saying.,"[SPEAKER_01] Well, do you think that there's some truth to what he's saying, Penny? [SEP] [SPEAKER_01] The idea that, you know, Republicans have been saying, oh, he's a socialist, he's a socialist, as if that was going to be enough to stop Mom Donnie. [SEP] [SPEAKER_01] but really what voters are responding to is what Mamdani is saying."
meeting03_importance_score,13,but really what voters are responding to is what Mamdani is saying.,1,SPEAKER_01,81.57,84.753,train,SPEAKER_01,"The idea that, you know, Republicans have been saying, oh, he's a socialist, he's a socialist, as if that was going to be enough to stop Mom Donnie.",SPEAKER_01,Are Republicans misunderstanding what's happening here?,"[SPEAKER_01] The idea that, you know, Republicans have been saying, oh, he's a socialist, he's a socialist, as if that was going to be enough to stop Mom Donnie.",[SPEAKER_01] but really what voters are responding to is what Mamdani is saying.,[SPEAKER_01] Are Republicans misunderstanding what's happening here?,"[SPEAKER_01] The idea that, you know, Republicans have been saying, oh, he's a socialist, he's a socialist, as if that was going to be enough to stop Mom Donnie. [SEP] [SPEAKER_01] but really what voters are responding to is what Mamdani is saying. [SEP] [SPEAKER_01] Are Republicans misunderstanding what's happening here?"
meeting03_importance_score,14,Are Republicans misunderstanding what's happening here?,1,SPEAKER_01,85.154,87.316,train,SPEAKER_01,but really what voters are responding to is what Mamdani is saying.,SPEAKER_00,"Well, I don't know.",[SPEAKER_01] but really what voters are responding to is what Mamdani is saying.,[SPEAKER_01] Are Republicans misunderstanding what's happening here?,"[SPEAKER_00] Well, I don't know.","[SPEAKER_01] but really what voters are responding to is what Mamdani is saying. [SEP] [SPEAKER_01] Are Republicans misunderstanding what's happening here? [SEP] [SPEAKER_00] Well, I don't know."
meeting03_importance_score,15,"Well, I don't know.",0,SPEAKER_00,87.516,88.037,train,SPEAKER_01,Are Republicans misunderstanding what's happening here?,SPEAKER_00,"I mean, I think he is a shiny object.",[SPEAKER_01] Are Republicans misunderstanding what's happening here?,"[SPEAKER_00] Well, I don't know.","[SPEAKER_00] I mean, I think he is a shiny object.","[SPEAKER_01] Are Republicans misunderstanding what's happening here? [SEP] [SPEAKER_00] Well, I don't know. [SEP] [SPEAKER_00] I mean, I think he is a shiny object."
meeting03_importance_score,16,"I mean, I think he is a shiny object.",0,SPEAKER_00,88.077,90.119,train,SPEAKER_00,"Well, I don't know.",SPEAKER_00,"I think he's a good politician and he is up against a, you know, a former governor who left on a horrible note because of his behavior.","[SPEAKER_00] Well, I don't know.","[SPEAKER_00] I mean, I think he is a shiny object.","[SPEAKER_00] I think he's a good politician and he is up against a, you know, a former governor who left on a horrible note because of his behavior.","[SPEAKER_00] Well, I don't know. [SEP] [SPEAKER_00] I mean, I think he is a shiny object. [SEP] [SPEAKER_00] I think he's a good politician and he is up against a, you know, a former governor who left on a horrible note because of his behavior."
meeting03_importance_score,17,"I think he's a good politician and he is up against a, you know, a former governor who left on a horrible note because of his behavior.",1,SPEAKER_00,90.159,99.148,train,SPEAKER_00,"I mean, I think he is a shiny object.",SPEAKER_00,And he has that horrific record of people dying during COVID and what he did in nursing homes.,"[SPEAKER_00] I mean, I think he is a shiny object.","[SPEAKER_00] I think he's a good politician and he is up against a, you know, a former governor who left on a horrible note because of his behavior.",[SPEAKER_00] And he has that horrific record of people dying during COVID and what he did in nursing homes.,"[SPEAKER_00] I mean, I think he is a shiny object. [SEP] [SPEAKER_00] I think he's a good politician and he is up against a, you know, a former governor who left on a horrible note because of his behavior. [SEP] [SPEAKER_00] And he has that horrific record of people dying during COVID and what he did in nursing homes."
meeting03_importance_score,18,And he has that horrific record of people dying during COVID and what he did in nursing homes.,1,SPEAKER_00,99.408,105.655,train,SPEAKER_00,"I think he's a good politician and he is up against a, you know, a former governor who left on a horrible note because of his behavior.",SPEAKER_00,I was just recently with someone whose parents died because of that.,"[SPEAKER_00] I think he's a good politician and he is up against a, you know, a former governor who left on a horrible note because of his behavior.",[SPEAKER_00] And he has that horrific record of people dying during COVID and what he did in nursing homes.,[SPEAKER_00] I was just recently with someone whose parents died because of that.,"[SPEAKER_00] I think he's a good politician and he is up against a, you know, a former governor who left on a horrible note because of his behavior. [SEP] [SPEAKER_00] And he has that horrific record of people dying during COVID and what he did in nursing homes. [SEP] [SPEAKER_00] I was just recently with someone whose parents died because of that."
meeting03_importance_score,19,I was just recently with someone whose parents died because of that.,0,SPEAKER_00,105.715,108.978,train,SPEAKER_00,And he has that horrific record of people dying during COVID and what he did in nursing homes.,SPEAKER_00,And so I don't know why that was the best candidate that actually could come forward.,[SPEAKER_00] And he has that horrific record of people dying during COVID and what he did in nursing homes.,[SPEAKER_00] I was just recently with someone whose parents died because of that.,[SPEAKER_00] And so I don't know why that was the best candidate that actually could come forward.,[SPEAKER_00] And he has that horrific record of people dying during COVID and what he did in nursing homes. [SEP] [SPEAKER_00] I was just recently with someone whose parents died because of that. [SEP] [SPEAKER_00] And so I don't know why that was the best candidate that actually could come forward.
meeting03_importance_score,20,And so I don't know why that was the best candidate that actually could come forward.,1,SPEAKER_00,109.058,114.924,train,SPEAKER_00,I was just recently with someone whose parents died because of that.,SPEAKER_00,"And by the way, there's only 16% of voters are Republicans in New York City.",[SPEAKER_00] I was just recently with someone whose parents died because of that.,[SPEAKER_00] And so I don't know why that was the best candidate that actually could come forward.,"[SPEAKER_00] And by the way, there's only 16% of voters are Republicans in New York City.","[SPEAKER_00] I was just recently with someone whose parents died because of that. [SEP] [SPEAKER_00] And so I don't know why that was the best candidate that actually could come forward. [SEP] [SPEAKER_00] And by the way, there's only 16% of voters are Republicans in New York City."
meeting03_importance_score,21,"And by the way, there's only 16% of voters are Republicans in New York City.",1,SPEAKER_00,115.084,120.33,train,SPEAKER_00,And so I don't know why that was the best candidate that actually could come forward.,SPEAKER_00,So let's not get confused here.,[SPEAKER_00] And so I don't know why that was the best candidate that actually could come forward.,"[SPEAKER_00] And by the way, there's only 16% of voters are Republicans in New York City.",[SPEAKER_00] So let's not get confused here.,"[SPEAKER_00] And so I don't know why that was the best candidate that actually could come forward. [SEP] [SPEAKER_00] And by the way, there's only 16% of voters are Republicans in New York City. [SEP] [SPEAKER_00] So let's not get confused here."
meeting03_importance_score,22,So let's not get confused here.,0,SPEAKER_00,120.35,122.352,train,SPEAKER_00,"And by the way, there's only 16% of voters are Republicans in New York City.",SPEAKER_00,"But the question is, though, 25% of people maybe will be voting.","[SPEAKER_00] And by the way, there's only 16% of voters are Republicans in New York City.",[SPEAKER_00] So let's not get confused here.,"[SPEAKER_00] But the question is, though, 25% of people maybe will be voting.","[SPEAKER_00] And by the way, there's only 16% of voters are Republicans in New York City. [SEP] [SPEAKER_00] So let's not get confused here. [SEP] [SPEAKER_00] But the question is, though, 25% of people maybe will be voting."
meeting03_importance_score,23,"But the question is, though, 25% of people maybe will be voting.",1,SPEAKER_00,122.832,129.559,train,SPEAKER_00,So let's not get confused here.,SPEAKER_00,That's a low turnout vote because there's no big racism in the mayoral.,[SPEAKER_00] So let's not get confused here.,"[SPEAKER_00] But the question is, though, 25% of people maybe will be voting.",[SPEAKER_00] That's a low turnout vote because there's no big racism in the mayoral.,"[SPEAKER_00] So let's not get confused here. [SEP] [SPEAKER_00] But the question is, though, 25% of people maybe will be voting. [SEP] [SPEAKER_00] That's a low turnout vote because there's no big racism in the mayoral."
meeting03_importance_score,24,That's a low turnout vote because there's no big racism in the mayoral.,1,SPEAKER_00,129.82,134.404,train,SPEAKER_00,"But the question is, though, 25% of people maybe will be voting.",SPEAKER_00,"But the question is,","[SPEAKER_00] But the question is, though, 25% of people maybe will be voting.",[SPEAKER_00] That's a low turnout vote because there's no big racism in the mayoral.,"[SPEAKER_00] But the question is,","[SPEAKER_00] But the question is, though, 25% of people maybe will be voting. [SEP] [SPEAKER_00] That's a low turnout vote because there's no big racism in the mayoral. [SEP] [SPEAKER_00] But the question is,"
meeting03_importance_score,25,"But the question is,",0,SPEAKER_00,134.885,135.986,train,SPEAKER_00,That's a low turnout vote because there's no big racism in the mayoral.,SPEAKER_00,Is the party going to become more like Mondami?,[SPEAKER_00] That's a low turnout vote because there's no big racism in the mayoral.,"[SPEAKER_00] But the question is,",[SPEAKER_00] Is the party going to become more like Mondami?,"[SPEAKER_00] That's a low turnout vote because there's no big racism in the mayoral. [SEP] [SPEAKER_00] But the question is, [SEP] [SPEAKER_00] Is the party going to become more like Mondami?"
meeting03_importance_score,26,Is the party going to become more like Mondami?,1,SPEAKER_00,136.322,139.631,train,SPEAKER_00,"But the question is,",SPEAKER_00,Is that going to be the future of the Democratic Party?,"[SPEAKER_00] But the question is,",[SPEAKER_00] Is the party going to become more like Mondami?,[SPEAKER_00] Is that going to be the future of the Democratic Party?,"[SPEAKER_00] But the question is, [SEP] [SPEAKER_00] Is the party going to become more like Mondami? [SEP] [SPEAKER_00] Is that going to be the future of the Democratic Party?"
meeting03_importance_score,27,Is that going to be the future of the Democratic Party?,1,SPEAKER_00,139.751,143.32,train,SPEAKER_00,Is the party going to become more like Mondami?,SPEAKER_05,Is it?,[SPEAKER_00] Is the party going to become more like Mondami?,[SPEAKER_00] Is that going to be the future of the Democratic Party?,[SPEAKER_05] Is it?,[SPEAKER_00] Is the party going to become more like Mondami? [SEP] [SPEAKER_00] Is that going to be the future of the Democratic Party? [SEP] [SPEAKER_05] Is it?
meeting03_importance_score,28,Is it?,0,SPEAKER_05,143.902,144.122,train,SPEAKER_00,Is that going to be the future of the Democratic Party?,SPEAKER_05,"Well, first let me say at this point, with Trump's endorsement and Elon's endorsement, Cuomo might as well get the Penguin and the Joker to endorse him.",[SPEAKER_00] Is that going to be the future of the Democratic Party?,[SPEAKER_05] Is it?,"[SPEAKER_05] Well, first let me say at this point, with Trump's endorsement and Elon's endorsement, Cuomo might as well get the Penguin and the Joker to endorse him.","[SPEAKER_00] Is that going to be the future of the Democratic Party? [SEP] [SPEAKER_05] Is it? [SEP] [SPEAKER_05] Well, first let me say at this point, with Trump's endorsement and Elon's endorsement, Cuomo might as well get the Penguin and the Joker to endorse him."
meeting03_importance_score,29,"Well, first let me say at this point, with Trump's endorsement and Elon's endorsement, Cuomo might as well get the Penguin and the Joker to endorse him.",1,SPEAKER_05,144.744,151.922,train,SPEAKER_05,Is it?,SPEAKER_05,He's going to lose the race.,[SPEAKER_05] Is it?,"[SPEAKER_05] Well, first let me say at this point, with Trump's endorsement and Elon's endorsement, Cuomo might as well get the Penguin and the Joker to endorse him.",[SPEAKER_05] He's going to lose the race.,"[SPEAKER_05] Is it? [SEP] [SPEAKER_05] Well, first let me say at this point, with Trump's endorsement and Elon's endorsement, Cuomo might as well get the Penguin and the Joker to endorse him. [SEP] [SPEAKER_05] He's going to lose the race."
meeting03_importance_score,30,He's going to lose the race.,1,SPEAKER_05,152.203,153.426,train,SPEAKER_05,"Well, first let me say at this point, with Trump's endorsement and Elon's endorsement, Cuomo might as well get the Penguin and the Joker to endorse him.",SPEAKER_05,"It's over, Mom.","[SPEAKER_05] Well, first let me say at this point, with Trump's endorsement and Elon's endorsement, Cuomo might as well get the Penguin and the Joker to endorse him.",[SPEAKER_05] He's going to lose the race.,"[SPEAKER_05] It's over, Mom.","[SPEAKER_05] Well, first let me say at this point, with Trump's endorsement and Elon's endorsement, Cuomo might as well get the Penguin and the Joker to endorse him. [SEP] [SPEAKER_05] He's going to lose the race. [SEP] [SPEAKER_05] It's over, Mom."
meeting03_importance_score,31,"It's over, Mom.",0,SPEAKER_05,153.666,154.066,train,SPEAKER_05,He's going to lose the race.,SPEAKER_03,I'll just point out that the Penguin was once in a movie elected mayor of New York City.,[SPEAKER_05] He's going to lose the race.,"[SPEAKER_05] It's over, Mom.",[SPEAKER_03] I'll just point out that the Penguin was once in a movie elected mayor of New York City.,"[SPEAKER_05] He's going to lose the race. [SEP] [SPEAKER_05] It's over, Mom. [SEP] [SPEAKER_03] I'll just point out that the Penguin was once in a movie elected mayor of New York City."
meeting03_importance_score,32,I'll just point out that the Penguin was once in a movie elected mayor of New York City.,0,SPEAKER_03,154.086,157.05,train,SPEAKER_05,"It's over, Mom.",SPEAKER_03,That is true.,"[SPEAKER_05] It's over, Mom.",[SPEAKER_03] I'll just point out that the Penguin was once in a movie elected mayor of New York City.,[SPEAKER_03] That is true.,"[SPEAKER_05] It's over, Mom. [SEP] [SPEAKER_03] I'll just point out that the Penguin was once in a movie elected mayor of New York City. [SEP] [SPEAKER_03] That is true."
meeting03_importance_score,33,That is true.,0,SPEAKER_03,157.07,157.751,train,SPEAKER_03,I'll just point out that the Penguin was once in a movie elected mayor of New York City.,SPEAKER_05,We'll just point that out.,[SPEAKER_03] I'll just point out that the Penguin was once in a movie elected mayor of New York City.,[SPEAKER_03] That is true.,[SPEAKER_05] We'll just point that out.,[SPEAKER_03] I'll just point out that the Penguin was once in a movie elected mayor of New York City. [SEP] [SPEAKER_03] That is true. [SEP] [SPEAKER_05] We'll just point that out.
meeting03_importance_score,34,We'll just point that out.,0,SPEAKER_05,157.851,158.692,train,SPEAKER_03,That is true.,SPEAKER_05,That is true.,[SPEAKER_03] That is true.,[SPEAKER_05] We'll just point that out.,[SPEAKER_05] That is true.,[SPEAKER_03] That is true. [SEP] [SPEAKER_05] We'll just point that out. [SEP] [SPEAKER_05] That is true.
meeting03_importance_score,35,That is true.,0,SPEAKER_05,158.712,158.972,train,SPEAKER_05,We'll just point that out.,SPEAKER_05,"Copperpot, right?",[SPEAKER_05] We'll just point that out.,[SPEAKER_05] That is true.,"[SPEAKER_05] Copperpot, right?","[SPEAKER_05] We'll just point that out. [SEP] [SPEAKER_05] That is true. [SEP] [SPEAKER_05] Copperpot, right?"
meeting03_importance_score,36,"Copperpot, right?",0,SPEAKER_05,158.992,160.133,train,SPEAKER_05,That is true.,SPEAKER_05,"Oswald Copperpot, I think.",[SPEAKER_05] That is true.,"[SPEAKER_05] Copperpot, right?","[SPEAKER_05] Oswald Copperpot, I think.","[SPEAKER_05] That is true. [SEP] [SPEAKER_05] Copperpot, right? [SEP] [SPEAKER_05] Oswald Copperpot, I think."
meeting03_importance_score,37,"Oswald Copperpot, I think.",0,SPEAKER_05,160.353,161.755,train,SPEAKER_05,"Copperpot, right?",SPEAKER_04,Copperpot.,"[SPEAKER_05] Copperpot, right?","[SPEAKER_05] Oswald Copperpot, I think.",[SPEAKER_04] Copperpot.,"[SPEAKER_05] Copperpot, right? [SEP] [SPEAKER_05] Oswald Copperpot, I think. [SEP] [SPEAKER_04] Copperpot."
meeting03_importance_score,38,Copperpot.,0,SPEAKER_04,161.795,162.215,train,SPEAKER_05,"Oswald Copperpot, I think.",SPEAKER_05,Right.,"[SPEAKER_05] Oswald Copperpot, I think.",[SPEAKER_04] Copperpot.,[SPEAKER_05] Right.,"[SPEAKER_05] Oswald Copperpot, I think. [SEP] [SPEAKER_04] Copperpot. [SEP] [SPEAKER_05] Right."
meeting03_importance_score,39,Right.,0,SPEAKER_05,162.235,162.436,train,SPEAKER_04,Copperpot.,SPEAKER_05,They're gonna come in here.,[SPEAKER_04] Copperpot.,[SPEAKER_05] Right.,[SPEAKER_05] They're gonna come in here.,[SPEAKER_04] Copperpot. [SEP] [SPEAKER_05] Right. [SEP] [SPEAKER_05] They're gonna come in here.
meeting03_importance_score,40,They're gonna come in here.,0,SPEAKER_05,162.616,163.397,train,SPEAKER_05,Right.,SPEAKER_05,"Okay, all right.",[SPEAKER_05] Right.,[SPEAKER_05] They're gonna come in here.,"[SPEAKER_05] Okay, all right.","[SPEAKER_05] Right. [SEP] [SPEAKER_05] They're gonna come in here. [SEP] [SPEAKER_05] Okay, all right."
meeting03_importance_score,41,"Okay, all right.",0,SPEAKER_05,163.477,164.538,train,SPEAKER_05,They're gonna come in here.,SPEAKER_04,Please bone up.,[SPEAKER_05] They're gonna come in here.,"[SPEAKER_05] Okay, all right.",[SPEAKER_04] Please bone up.,"[SPEAKER_05] They're gonna come in here. [SEP] [SPEAKER_05] Okay, all right. [SEP] [SPEAKER_04] Please bone up."
meeting03_importance_score,42,Please bone up.,0,SPEAKER_04,165.399,166.08,train,SPEAKER_05,"Okay, all right.",SPEAKER_04,I apologize.,"[SPEAKER_05] Okay, all right.",[SPEAKER_04] Please bone up.,[SPEAKER_04] I apologize.,"[SPEAKER_05] Okay, all right. [SEP] [SPEAKER_04] Please bone up. [SEP] [SPEAKER_04] I apologize."
meeting03_importance_score,43,I apologize.,0,SPEAKER_04,166.1,166.34,train,SPEAKER_04,Please bone up.,SPEAKER_04,I'll brush up on my DC Comics before I come in.,[SPEAKER_04] Please bone up.,[SPEAKER_04] I apologize.,[SPEAKER_04] I'll brush up on my DC Comics before I come in.,[SPEAKER_04] Please bone up. [SEP] [SPEAKER_04] I apologize. [SEP] [SPEAKER_04] I'll brush up on my DC Comics before I come in.
meeting03_importance_score,44,I'll brush up on my DC Comics before I come in.,0,SPEAKER_04,166.36,169.944,train,SPEAKER_04,I apologize.,SPEAKER_05,Mom Donnie's gonna win the race.,[SPEAKER_04] I apologize.,[SPEAKER_04] I'll brush up on my DC Comics before I come in.,[SPEAKER_05] Mom Donnie's gonna win the race.,[SPEAKER_04] I apologize. [SEP] [SPEAKER_04] I'll brush up on my DC Comics before I come in. [SEP] [SPEAKER_05] Mom Donnie's gonna win the race.
meeting03_importance_score,45,Mom Donnie's gonna win the race.,0,SPEAKER_05,170.084,171.265,train,SPEAKER_04,I'll brush up on my DC Comics before I come in.,SPEAKER_05,He's going to be mayor.,[SPEAKER_04] I'll brush up on my DC Comics before I come in.,[SPEAKER_05] Mom Donnie's gonna win the race.,[SPEAKER_05] He's going to be mayor.,[SPEAKER_04] I'll brush up on my DC Comics before I come in. [SEP] [SPEAKER_05] Mom Donnie's gonna win the race. [SEP] [SPEAKER_05] He's going to be mayor.
meeting03_importance_score,46,He's going to be mayor.,0,SPEAKER_05,171.466,172.567,train,SPEAKER_05,Mom Donnie's gonna win the race.,SPEAKER_05,He ran a brilliant campaign.,[SPEAKER_05] Mom Donnie's gonna win the race.,[SPEAKER_05] He's going to be mayor.,[SPEAKER_05] He ran a brilliant campaign.,[SPEAKER_05] Mom Donnie's gonna win the race. [SEP] [SPEAKER_05] He's going to be mayor. [SEP] [SPEAKER_05] He ran a brilliant campaign.
meeting03_importance_score,47,He ran a brilliant campaign.,1,SPEAKER_05,172.987,174.169,train,SPEAKER_05,He's going to be mayor.,SPEAKER_05,He's a brilliant messenger.,[SPEAKER_05] He's going to be mayor.,[SPEAKER_05] He ran a brilliant campaign.,[SPEAKER_05] He's a brilliant messenger.,[SPEAKER_05] He's going to be mayor. [SEP] [SPEAKER_05] He ran a brilliant campaign. [SEP] [SPEAKER_05] He's a brilliant messenger.
meeting03_importance_score,48,He's a brilliant messenger.,1,SPEAKER_05,174.209,175.19,train,SPEAKER_05,He ran a brilliant campaign.,SPEAKER_05,"And, yeah, he copied a little bit of what Trump did.",[SPEAKER_05] He ran a brilliant campaign.,[SPEAKER_05] He's a brilliant messenger.,"[SPEAKER_05] And, yeah, he copied a little bit of what Trump did.","[SPEAKER_05] He ran a brilliant campaign. [SEP] [SPEAKER_05] He's a brilliant messenger. [SEP] [SPEAKER_05] And, yeah, he copied a little bit of what Trump did."
meeting03_importance_score,49,"And, yeah, he copied a little bit of what Trump did.",1,SPEAKER_05,175.55,178.433,train,SPEAKER_05,He's a brilliant messenger.,SPEAKER_05,Simplified the messaging.,[SPEAKER_05] He's a brilliant messenger.,"[SPEAKER_05] And, yeah, he copied a little bit of what Trump did.",[SPEAKER_05] Simplified the messaging.,"[SPEAKER_05] He's a brilliant messenger. [SEP] [SPEAKER_05] And, yeah, he copied a little bit of what Trump did. [SEP] [SPEAKER_05] Simplified the messaging."
meeting03_importance_score,50,Simplified the messaging.,1,SPEAKER_05,178.594,179.795,train,SPEAKER_05,"And, yeah, he copied a little bit of what Trump did.",SPEAKER_05,"Repeat, rinse and repeat, rinse and repeat.","[SPEAKER_05] And, yeah, he copied a little bit of what Trump did.",[SPEAKER_05] Simplified the messaging.,"[SPEAKER_05] Repeat, rinse and repeat, rinse and repeat.","[SPEAKER_05] And, yeah, he copied a little bit of what Trump did. [SEP] [SPEAKER_05] Simplified the messaging. [SEP] [SPEAKER_05] Repeat, rinse and repeat, rinse and repeat."
meeting03_importance_score,51,"Repeat, rinse and repeat, rinse and repeat.",0,SPEAKER_05,180.215,182.578,train,SPEAKER_05,Simplified the messaging.,SPEAKER_05,"And he ran brilliant ads, and he's going to win.",[SPEAKER_05] Simplified the messaging.,"[SPEAKER_05] Repeat, rinse and repeat, rinse and repeat.","[SPEAKER_05] And he ran brilliant ads, and he's going to win.","[SPEAKER_05] Simplified the messaging. [SEP] [SPEAKER_05] Repeat, rinse and repeat, rinse and repeat. [SEP] [SPEAKER_05] And he ran brilliant ads, and he's going to win."
meeting03_importance_score,52,"And he ran brilliant ads, and he's going to win.",1,SPEAKER_05,182.786,185.35,train,SPEAKER_05,"Repeat, rinse and repeat, rinse and repeat.",SPEAKER_05,"Now, whether that's exportable to other places, listen, I don't think so.","[SPEAKER_05] Repeat, rinse and repeat, rinse and repeat.","[SPEAKER_05] And he ran brilliant ads, and he's going to win.","[SPEAKER_05] Now, whether that's exportable to other places, listen, I don't think so.","[SPEAKER_05] Repeat, rinse and repeat, rinse and repeat. [SEP] [SPEAKER_05] And he ran brilliant ads, and he's going to win. [SEP] [SPEAKER_05] Now, whether that's exportable to other places, listen, I don't think so."
meeting03_importance_score,53,"Now, whether that's exportable to other places, listen, I don't think so.",1,SPEAKER_05,185.39,189.315,train,SPEAKER_05,"And he ran brilliant ads, and he's going to win.",SPEAKER_05,"I think there's places like Chicago and Portland, Seattle, you can create it.","[SPEAKER_05] And he ran brilliant ads, and he's going to win.","[SPEAKER_05] Now, whether that's exportable to other places, listen, I don't think so.","[SPEAKER_05] I think there's places like Chicago and Portland, Seattle, you can create it.","[SPEAKER_05] And he ran brilliant ads, and he's going to win. [SEP] [SPEAKER_05] Now, whether that's exportable to other places, listen, I don't think so. [SEP] [SPEAKER_05] I think there's places like Chicago and Portland, Seattle, you can create it."
meeting03_importance_score,54,"I think there's places like Chicago and Portland, Seattle, you can create it.",1,SPEAKER_05,189.596,192.059,train,SPEAKER_05,"Now, whether that's exportable to other places, listen, I don't think so.",SPEAKER_05,"It's hard to find a good candidate, right, a good messenger, like how many AOCs are out there, right, when you're talking about someone who can message.","[SPEAKER_05] Now, whether that's exportable to other places, listen, I don't think so.","[SPEAKER_05] I think there's places like Chicago and Portland, Seattle, you can create it.","[SPEAKER_05] It's hard to find a good candidate, right, a good messenger, like how many AOCs are out there, right, when you're talking about someone who can message.","[SPEAKER_05] Now, whether that's exportable to other places, listen, I don't think so. [SEP] [SPEAKER_05] I think there's places like Chicago and Portland, Seattle, you can create it. [SEP] [SPEAKER_05] It's hard to find a good candidate, right, a good messenger, like how many AOCs are out there, right, when you're talking about someone who can message."
meeting03_importance_score,55,"It's hard to find a good candidate, right, a good messenger, like how many AOCs are out there, right, when you're talking about someone who can message.",1,SPEAKER_05,192.299,198.869,train,SPEAKER_05,"I think there's places like Chicago and Portland, Seattle, you can create it.",SPEAKER_05,"But look, when you're talking about the suburbs, no, Mom Donnie is not going to win in Boca Raton.","[SPEAKER_05] I think there's places like Chicago and Portland, Seattle, you can create it.","[SPEAKER_05] It's hard to find a good candidate, right, a good messenger, like how many AOCs are out there, right, when you're talking about someone who can message.","[SPEAKER_05] But look, when you're talking about the suburbs, no, Mom Donnie is not going to win in Boca Raton.","[SPEAKER_05] I think there's places like Chicago and Portland, Seattle, you can create it. [SEP] [SPEAKER_05] It's hard to find a good candidate, right, a good messenger, like how many AOCs are out there, right, when you're talking about someone who can message. [SEP] [SPEAKER_05] But look, when you're talking about the suburbs, no, Mom Donnie is not going to win in Boca Raton."
meeting03_importance_score,56,"But look, when you're talking about the suburbs, no, Mom Donnie is not going to win in Boca Raton.",1,SPEAKER_05,199.55,203.535,train,SPEAKER_05,"It's hard to find a good candidate, right, a good messenger, like how many AOCs are out there, right, when you're talking about someone who can message.",SPEAKER_01,"Quick 30 seconds, Scott.","[SPEAKER_05] It's hard to find a good candidate, right, a good messenger, like how many AOCs are out there, right, when you're talking about someone who can message.","[SPEAKER_05] But look, when you're talking about the suburbs, no, Mom Donnie is not going to win in Boca Raton.","[SPEAKER_01] Quick 30 seconds, Scott.","[SPEAKER_05] It's hard to find a good candidate, right, a good messenger, like how many AOCs are out there, right, when you're talking about someone who can message. [SEP] [SPEAKER_05] But look, when you're talking about the suburbs, no, Mom Donnie is not going to win in Boca Raton. [SEP] [SPEAKER_01] Quick 30 seconds, Scott."
meeting03_importance_score,57,"Quick 30 seconds, Scott.",0,SPEAKER_01,203.615,204.877,train,SPEAKER_05,"But look, when you're talking about the suburbs, no, Mom Donnie is not going to win in Boca Raton.",SPEAKER_03,"Yeah, look, he's probably going to win.","[SPEAKER_05] But look, when you're talking about the suburbs, no, Mom Donnie is not going to win in Boca Raton.","[SPEAKER_01] Quick 30 seconds, Scott.","[SPEAKER_03] Yeah, look, he's probably going to win.","[SPEAKER_05] But look, when you're talking about the suburbs, no, Mom Donnie is not going to win in Boca Raton. [SEP] [SPEAKER_01] Quick 30 seconds, Scott. [SEP] [SPEAKER_03] Yeah, look, he's probably going to win."
meeting03_importance_score,58,"Yeah, look, he's probably going to win.",1,SPEAKER_03,204.897,206.219,train,SPEAKER_01,"Quick 30 seconds, Scott.",SPEAKER_03,"I mean, it's a Democrat town, and they're going to elect a socialist to run the financial capital of the world.","[SPEAKER_01] Quick 30 seconds, Scott.","[SPEAKER_03] Yeah, look, he's probably going to win.","[SPEAKER_03] I mean, it's a Democrat town, and they're going to elect a socialist to run the financial capital of the world.","[SPEAKER_01] Quick 30 seconds, Scott. [SEP] [SPEAKER_03] Yeah, look, he's probably going to win. [SEP] [SPEAKER_03] I mean, it's a Democrat town, and they're going to elect a socialist to run the financial capital of the world."
meeting03_importance_score,59,"I mean, it's a Democrat town, and they're going to elect a socialist to run the financial capital of the world.",1,SPEAKER_03,206.399,211.186,train,SPEAKER_03,"Yeah, look, he's probably going to win.",SPEAKER_03,"I mean, you gave him 300 grand.","[SPEAKER_03] Yeah, look, he's probably going to win.","[SPEAKER_03] I mean, it's a Democrat town, and they're going to elect a socialist to run the financial capital of the world.","[SPEAKER_03] I mean, you gave him 300 grand.","[SPEAKER_03] Yeah, look, he's probably going to win. [SEP] [SPEAKER_03] I mean, it's a Democrat town, and they're going to elect a socialist to run the financial capital of the world. [SEP] [SPEAKER_03] I mean, you gave him 300 grand."
meeting03_importance_score,60,"I mean, you gave him 300 grand.",1,SPEAKER_03,211.714,213.396,train,SPEAKER_03,"I mean, it's a Democrat town, and they're going to elect a socialist to run the financial capital of the world.",SPEAKER_03,That's interesting.,"[SPEAKER_03] I mean, it's a Democrat town, and they're going to elect a socialist to run the financial capital of the world.","[SPEAKER_03] I mean, you gave him 300 grand.",[SPEAKER_03] That's interesting.,"[SPEAKER_03] I mean, it's a Democrat town, and they're going to elect a socialist to run the financial capital of the world. [SEP] [SPEAKER_03] I mean, you gave him 300 grand. [SEP] [SPEAKER_03] That's interesting."
meeting03_importance_score,61,That's interesting.,0,SPEAKER_03,213.416,213.896,train,SPEAKER_03,"I mean, you gave him 300 grand.",SPEAKER_03,That's probably the only 309 Islamo-Marxist grand that he got.,"[SPEAKER_03] I mean, you gave him 300 grand.",[SPEAKER_03] That's interesting.,[SPEAKER_03] That's probably the only 309 Islamo-Marxist grand that he got.,"[SPEAKER_03] I mean, you gave him 300 grand. [SEP] [SPEAKER_03] That's interesting. [SEP] [SPEAKER_03] That's probably the only 309 Islamo-Marxist grand that he got."
meeting03_importance_score,62,That's probably the only 309 Islamo-Marxist grand that he got.,1,SPEAKER_03,213.916,217.761,train,SPEAKER_03,That's interesting.,SPEAKER_03,I saw Linda Sarsour today bragging about all the money that's coming from all over the world.,[SPEAKER_03] That's interesting.,[SPEAKER_03] That's probably the only 309 Islamo-Marxist grand that he got.,[SPEAKER_03] I saw Linda Sarsour today bragging about all the money that's coming from all over the world.,[SPEAKER_03] That's interesting. [SEP] [SPEAKER_03] That's probably the only 309 Islamo-Marxist grand that he got. [SEP] [SPEAKER_03] I saw Linda Sarsour today bragging about all the money that's coming from all over the world.
meeting03_importance_score,63,I saw Linda Sarsour today bragging about all the money that's coming from all over the world.,1,SPEAKER_03,217.821,222.666,train,SPEAKER_03,That's probably the only 309 Islamo-Marxist grand that he got.,SPEAKER_02,They actually have a public financing system for their elections in New York.,[SPEAKER_03] That's probably the only 309 Islamo-Marxist grand that he got.,[SPEAKER_03] I saw Linda Sarsour today bragging about all the money that's coming from all over the world.,[SPEAKER_02] They actually have a public financing system for their elections in New York.,[SPEAKER_03] That's probably the only 309 Islamo-Marxist grand that he got. [SEP] [SPEAKER_03] I saw Linda Sarsour today bragging about all the money that's coming from all over the world. [SEP] [SPEAKER_02] They actually have a public financing system for their elections in New York.
meeting03_importance_score,64,They actually have a public financing system for their elections in New York.,1,SPEAKER_02,222.686,225.009,train,SPEAKER_03,I saw Linda Sarsour today bragging about all the money that's coming from all over the world.,SPEAKER_02,"And honestly, I think part of the reason he's so powerful is because people are tired of being lectured by men with Rolexes on CNN about affordability in this country.",[SPEAKER_03] I saw Linda Sarsour today bragging about all the money that's coming from all over the world.,[SPEAKER_02] They actually have a public financing system for their elections in New York.,"[SPEAKER_02] And honestly, I think part of the reason he's so powerful is because people are tired of being lectured by men with Rolexes on CNN about affordability in this country.","[SPEAKER_03] I saw Linda Sarsour today bragging about all the money that's coming from all over the world. [SEP] [SPEAKER_02] They actually have a public financing system for their elections in New York. [SEP] [SPEAKER_02] And honestly, I think part of the reason he's so powerful is because people are tired of being lectured by men with Rolexes on CNN about affordability in this country."
meeting03_importance_score,65,"And honestly, I think part of the reason he's so powerful is because people are tired of being lectured by men with Rolexes on CNN about affordability in this country.",1,SPEAKER_02,226.35,234.459,train,SPEAKER_02,They actually have a public financing system for their elections in New York.,SPEAKER_02,That's the real reason he is resonating right now.,[SPEAKER_02] They actually have a public financing system for their elections in New York.,"[SPEAKER_02] And honestly, I think part of the reason he's so powerful is because people are tired of being lectured by men with Rolexes on CNN about affordability in this country.",[SPEAKER_02] That's the real reason he is resonating right now.,"[SPEAKER_02] They actually have a public financing system for their elections in New York. [SEP] [SPEAKER_02] And honestly, I think part of the reason he's so powerful is because people are tired of being lectured by men with Rolexes on CNN about affordability in this country. [SEP] [SPEAKER_02] That's the real reason he is resonating right now."
meeting03_importance_score,66,That's the real reason he is resonating right now.,1,SPEAKER_02,234.58,236.722,train,SPEAKER_02,"And honestly, I think part of the reason he's so powerful is because people are tired of being lectured by men with Rolexes on CNN about affordability in this country.",SPEAKER_02,"because he has a clear message that actually says, this is what I plan to do.","[SPEAKER_02] And honestly, I think part of the reason he's so powerful is because people are tired of being lectured by men with Rolexes on CNN about affordability in this country.",[SPEAKER_02] That's the real reason he is resonating right now.,"[SPEAKER_02] because he has a clear message that actually says, this is what I plan to do.","[SPEAKER_02] And honestly, I think part of the reason he's so powerful is because people are tired of being lectured by men with Rolexes on CNN about affordability in this country. [SEP] [SPEAKER_02] That's the real reason he is resonating right now. [SEP] [SPEAKER_02] because he has a clear message that actually says, this is what I plan to do."
meeting03_importance_score,67,"because he has a clear message that actually says, this is what I plan to do.",1,SPEAKER_02,237.25,240.914,train,SPEAKER_02,That's the real reason he is resonating right now.,SPEAKER_02,"And the party, I don't think this is about going to the left or the right, to be honest with you.",[SPEAKER_02] That's the real reason he is resonating right now.,"[SPEAKER_02] because he has a clear message that actually says, this is what I plan to do.","[SPEAKER_02] And the party, I don't think this is about going to the left or the right, to be honest with you.","[SPEAKER_02] That's the real reason he is resonating right now. [SEP] [SPEAKER_02] because he has a clear message that actually says, this is what I plan to do. [SEP] [SPEAKER_02] And the party, I don't think this is about going to the left or the right, to be honest with you."
meeting03_importance_score,68,"And the party, I don't think this is about going to the left or the right, to be honest with you.",1,SPEAKER_02,240.994,244.038,train,SPEAKER_02,"because he has a clear message that actually says, this is what I plan to do.",SPEAKER_02,Do I agree with Zoron much more than a lot of other Democrats in our party?,"[SPEAKER_02] because he has a clear message that actually says, this is what I plan to do.","[SPEAKER_02] And the party, I don't think this is about going to the left or the right, to be honest with you.",[SPEAKER_02] Do I agree with Zoron much more than a lot of other Democrats in our party?,"[SPEAKER_02] because he has a clear message that actually says, this is what I plan to do. [SEP] [SPEAKER_02] And the party, I don't think this is about going to the left or the right, to be honest with you. [SEP] [SPEAKER_02] Do I agree with Zoron much more than a lot of other Democrats in our party?"
meeting03_importance_score,69,Do I agree with Zoron much more than a lot of other Democrats in our party?,1,SPEAKER_02,244.358,247.382,train,SPEAKER_02,"And the party, I don't think this is about going to the left or the right, to be honest with you.",SPEAKER_02,Certainly.,"[SPEAKER_02] And the party, I don't think this is about going to the left or the right, to be honest with you.",[SPEAKER_02] Do I agree with Zoron much more than a lot of other Democrats in our party?,[SPEAKER_02] Certainly.,"[SPEAKER_02] And the party, I don't think this is about going to the left or the right, to be honest with you. [SEP] [SPEAKER_02] Do I agree with Zoron much more than a lot of other Democrats in our party? [SEP] [SPEAKER_02] Certainly."
meeting03_importance_score,70,Certainly.,0,SPEAKER_02,247.742,248.042,train,SPEAKER_02,Do I agree with Zoron much more than a lot of other Democrats in our party?,SPEAKER_02,But I think we need to meet voters where they're at in their districts.,[SPEAKER_02] Do I agree with Zoron much more than a lot of other Democrats in our party?,[SPEAKER_02] Certainly.,[SPEAKER_02] But I think we need to meet voters where they're at in their districts.,[SPEAKER_02] Do I agree with Zoron much more than a lot of other Democrats in our party? [SEP] [SPEAKER_02] Certainly. [SEP] [SPEAKER_02] But I think we need to meet voters where they're at in their districts.
meeting03_importance_score,71,But I think we need to meet voters where they're at in their districts.,1,SPEAKER_02,248.123,250.525,train,SPEAKER_02,Certainly.,SPEAKER_02,"In some districts, that's going to be their work.",[SPEAKER_02] Certainly.,[SPEAKER_02] But I think we need to meet voters where they're at in their districts.,"[SPEAKER_02] In some districts, that's going to be their work.","[SPEAKER_02] Certainly. [SEP] [SPEAKER_02] But I think we need to meet voters where they're at in their districts. [SEP] [SPEAKER_02] In some districts, that's going to be their work."
meeting03_importance_score,72,"In some districts, that's going to be their work.",1,SPEAKER_02,250.585,253.188,train,SPEAKER_02,But I think we need to meet voters where they're at in their districts.,SPEAKER_03,But you want a socialist future for your party.,[SPEAKER_02] But I think we need to meet voters where they're at in their districts.,"[SPEAKER_02] In some districts, that's going to be their work.",[SPEAKER_03] But you want a socialist future for your party.,"[SPEAKER_02] But I think we need to meet voters where they're at in their districts. [SEP] [SPEAKER_02] In some districts, that's going to be their work. [SEP] [SPEAKER_03] But you want a socialist future for your party."
meeting03_importance_score,73,But you want a socialist future for your party.,1,SPEAKER_03,253.329,255.01,train,SPEAKER_02,"In some districts, that's going to be their work.",SPEAKER_02,I want a future where everybody has health care and people can afford a good life.,"[SPEAKER_02] In some districts, that's going to be their work.",[SPEAKER_03] But you want a socialist future for your party.,[SPEAKER_02] I want a future where everybody has health care and people can afford a good life.,"[SPEAKER_02] In some districts, that's going to be their work. [SEP] [SPEAKER_03] But you want a socialist future for your party. [SEP] [SPEAKER_02] I want a future where everybody has health care and people can afford a good life."
meeting03_importance_score,74,I want a future where everybody has health care and people can afford a good life.,1,SPEAKER_02,255.291,259.816,train,SPEAKER_03,But you want a socialist future for your party.,,,[SPEAKER_03] But you want a socialist future for your party.,[SPEAKER_02] I want a future where everybody has health care and people can afford a good life.,[NO_NEXT],[SPEAKER_03] But you want a socialist future for your party. [SEP] [SPEAKER_02] I want a future where everybody has health care and people can afford a good life. [SEP] [NO_NEXT]
meeting04_importance_score,0,"One thing that I will say is there are parallels, believe it or not, between Spanberger, who I will admit is definitely one of these blue dog Democrats, a centrist, and then Zoran Mamdani, who's, you know, a self-described democratic socialist.",1,SPEAKER_02,0.034,12.613,train,,,SPEAKER_02,They both focused on affordability.,[NO_PREV],"[SPEAKER_02] One thing that I will say is there are parallels, believe it or not, between Spanberger, who I will admit is definitely one of these blue dog Democrats, a centrist, and then Zoran Mamdani, who's, you know, a self-described democratic socialist.",[SPEAKER_02] They both focused on affordability.,"[NO_PREV] [SEP] [SPEAKER_02] One thing that I will say is there are parallels, believe it or not, between Spanberger, who I will admit is definitely one of these blue dog Democrats, a centrist, and then Zoran Mamdani, who's, you know, a self-described democratic socialist. [SEP] [SPEAKER_02] They both focused on affordability."
meeting04_importance_score,1,They both focused on affordability.,1,SPEAKER_02,13.034,14.756,train,SPEAKER_02,"One thing that I will say is there are parallels, believe it or not, between Spanberger, who I will admit is definitely one of these blue dog Democrats, a centrist, and then Zoran Mamdani, who's, you know, a self-described democratic socialist.",SPEAKER_02,"So, obviously, I mean, it seems so intuitive, it seems so easy and simplistic, but focusing on the issues that actually affect everyday people","[SPEAKER_02] One thing that I will say is there are parallels, believe it or not, between Spanberger, who I will admit is definitely one of these blue dog Democrats, a centrist, and then Zoran Mamdani, who's, you know, a self-described democratic socialist.",[SPEAKER_02] They both focused on affordability.,"[SPEAKER_02] So, obviously, I mean, it seems so intuitive, it seems so easy and simplistic, but focusing on the issues that actually affect everyday people","[SPEAKER_02] One thing that I will say is there are parallels, believe it or not, between Spanberger, who I will admit is definitely one of these blue dog Democrats, a centrist, and then Zoran Mamdani, who's, you know, a self-described democratic socialist. [SEP] [SPEAKER_02] They both focused on affordability. [SEP] [SPEAKER_02] So, obviously, I mean, it seems so intuitive, it seems so easy and simplistic, but focusing on the issues that actually affect everyday people"
meeting04_importance_score,2,"So, obviously, I mean, it seems so intuitive, it seems so easy and simplistic, but focusing on the issues that actually affect everyday people",1,SPEAKER_02,15.457,26.354,train,SPEAKER_02,They both focused on affordability.,SPEAKER_02,is what wins the votes.,[SPEAKER_02] They both focused on affordability.,"[SPEAKER_02] So, obviously, I mean, it seems so intuitive, it seems so easy and simplistic, but focusing on the issues that actually affect everyday people",[SPEAKER_02] is what wins the votes.,"[SPEAKER_02] They both focused on affordability. [SEP] [SPEAKER_02] So, obviously, I mean, it seems so intuitive, it seems so easy and simplistic, but focusing on the issues that actually affect everyday people [SEP] [SPEAKER_02] is what wins the votes."
meeting04_importance_score,3,is what wins the votes.,1,SPEAKER_02,26.466,27.948,train,SPEAKER_02,"So, obviously, I mean, it seems so intuitive, it seems so easy and simplistic, but focusing on the issues that actually affect everyday people",SPEAKER_02,Everybody started Trump in 2024.,"[SPEAKER_02] So, obviously, I mean, it seems so intuitive, it seems so easy and simplistic, but focusing on the issues that actually affect everyday people",[SPEAKER_02] is what wins the votes.,[SPEAKER_02] Everybody started Trump in 2024.,"[SPEAKER_02] So, obviously, I mean, it seems so intuitive, it seems so easy and simplistic, but focusing on the issues that actually affect everyday people [SEP] [SPEAKER_02] is what wins the votes. [SEP] [SPEAKER_02] Everybody started Trump in 2024."
meeting04_importance_score,4,Everybody started Trump in 2024.,1,SPEAKER_02,27.968,28.99,train,SPEAKER_02,is what wins the votes.,SPEAKER_02,That's right.,[SPEAKER_02] is what wins the votes.,[SPEAKER_02] Everybody started Trump in 2024.,[SPEAKER_02] That's right.,[SPEAKER_02] is what wins the votes. [SEP] [SPEAKER_02] Everybody started Trump in 2024. [SEP] [SPEAKER_02] That's right.
meeting04_importance_score,5,That's right.,0,SPEAKER_02,29.17,29.751,train,SPEAKER_02,Everybody started Trump in 2024.,SPEAKER_02,"It was also against the inflation, right?",[SPEAKER_02] Everybody started Trump in 2024.,[SPEAKER_02] That's right.,"[SPEAKER_02] It was also against the inflation, right?","[SPEAKER_02] Everybody started Trump in 2024. [SEP] [SPEAKER_02] That's right. [SEP] [SPEAKER_02] It was also against the inflation, right?"
meeting04_importance_score,6,"It was also against the inflation, right?",1,SPEAKER_02,29.771,32.134,train,SPEAKER_02,That's right.,SPEAKER_02,"But to that point, because of the fact that inflation continues to be a problem and affordability continues to be a problem and Trump hasn't delivered, it is now becoming a political liability for Trump.",[SPEAKER_02] That's right.,"[SPEAKER_02] It was also against the inflation, right?","[SPEAKER_02] But to that point, because of the fact that inflation continues to be a problem and affordability continues to be a problem and Trump hasn't delivered, it is now becoming a political liability for Trump.","[SPEAKER_02] That's right. [SEP] [SPEAKER_02] It was also against the inflation, right? [SEP] [SPEAKER_02] But to that point, because of the fact that inflation continues to be a problem and affordability continues to be a problem and Trump hasn't delivered, it is now becoming a political liability for Trump."
meeting04_importance_score,7,"But to that point, because of the fact that inflation continues to be a problem and affordability continues to be a problem and Trump hasn't delivered, it is now becoming a political liability for Trump.",1,SPEAKER_02,32.154,44.072,train,SPEAKER_02,"It was also against the inflation, right?",SPEAKER_02,"And I think that when it comes to Zoran Mamdani in particular, as mayor, he doesn't really have as much power as","[SPEAKER_02] It was also against the inflation, right?","[SPEAKER_02] But to that point, because of the fact that inflation continues to be a problem and affordability continues to be a problem and Trump hasn't delivered, it is now becoming a political liability for Trump.","[SPEAKER_02] And I think that when it comes to Zoran Mamdani in particular, as mayor, he doesn't really have as much power as","[SPEAKER_02] It was also against the inflation, right? [SEP] [SPEAKER_02] But to that point, because of the fact that inflation continues to be a problem and affordability continues to be a problem and Trump hasn't delivered, it is now becoming a political liability for Trump. [SEP] [SPEAKER_02] And I think that when it comes to Zoran Mamdani in particular, as mayor, he doesn't really have as much power as"
meeting04_importance_score,8,"And I think that when it comes to Zoran Mamdani in particular, as mayor, he doesn't really have as much power as",1,SPEAKER_02,44.212,50.642,train,SPEAKER_02,"But to that point, because of the fact that inflation continues to be a problem and affordability continues to be a problem and Trump hasn't delivered, it is now becoming a political liability for Trump.",SPEAKER_02,people would like to believe he would have.,"[SPEAKER_02] But to that point, because of the fact that inflation continues to be a problem and affordability continues to be a problem and Trump hasn't delivered, it is now becoming a political liability for Trump.","[SPEAKER_02] And I think that when it comes to Zoran Mamdani in particular, as mayor, he doesn't really have as much power as",[SPEAKER_02] people would like to believe he would have.,"[SPEAKER_02] But to that point, because of the fact that inflation continues to be a problem and affordability continues to be a problem and Trump hasn't delivered, it is now becoming a political liability for Trump. [SEP] [SPEAKER_02] And I think that when it comes to Zoran Mamdani in particular, as mayor, he doesn't really have as much power as [SEP] [SPEAKER_02] people would like to believe he would have."
meeting04_importance_score,9,people would like to believe he would have.,1,SPEAKER_02,50.754,52.216,train,SPEAKER_02,"And I think that when it comes to Zoran Mamdani in particular, as mayor, he doesn't really have as much power as",SPEAKER_02,And so he might not be able to deliver everything that he's been kind of running on.,"[SPEAKER_02] And I think that when it comes to Zoran Mamdani in particular, as mayor, he doesn't really have as much power as",[SPEAKER_02] people would like to believe he would have.,[SPEAKER_02] And so he might not be able to deliver everything that he's been kind of running on.,"[SPEAKER_02] And I think that when it comes to Zoran Mamdani in particular, as mayor, he doesn't really have as much power as [SEP] [SPEAKER_02] people would like to believe he would have. [SEP] [SPEAKER_02] And so he might not be able to deliver everything that he's been kind of running on."
meeting04_importance_score,10,And so he might not be able to deliver everything that he's been kind of running on.,1,SPEAKER_02,52.697,58.685,train,SPEAKER_02,people would like to believe he would have.,SPEAKER_02,And that's going to be a liability for him.,[SPEAKER_02] people would like to believe he would have.,[SPEAKER_02] And so he might not be able to deliver everything that he's been kind of running on.,[SPEAKER_02] And that's going to be a liability for him.,[SPEAKER_02] people would like to believe he would have. [SEP] [SPEAKER_02] And so he might not be able to deliver everything that he's been kind of running on. [SEP] [SPEAKER_02] And that's going to be a liability for him.
meeting04_importance_score,11,And that's going to be a liability for him.,1,SPEAKER_02,58.725,60.247,train,SPEAKER_02,And so he might not be able to deliver everything that he's been kind of running on.,SPEAKER_02,"So he's already put out, you know, some messaging that indicates he's trying to temper.",[SPEAKER_02] And so he might not be able to deliver everything that he's been kind of running on.,[SPEAKER_02] And that's going to be a liability for him.,"[SPEAKER_02] So he's already put out, you know, some messaging that indicates he's trying to temper.","[SPEAKER_02] And so he might not be able to deliver everything that he's been kind of running on. [SEP] [SPEAKER_02] And that's going to be a liability for him. [SEP] [SPEAKER_02] So he's already put out, you know, some messaging that indicates he's trying to temper."
meeting04_importance_score,12,"So he's already put out, you know, some messaging that indicates he's trying to temper.",1,SPEAKER_02,60.307,63.551,train,SPEAKER_02,And that's going to be a liability for him.,SPEAKER_02,"Actually the best thing for him, if you're actually able to do all the things he wanted to do, he would destroy the city.",[SPEAKER_02] And that's going to be a liability for him.,"[SPEAKER_02] So he's already put out, you know, some messaging that indicates he's trying to temper.","[SPEAKER_02] Actually the best thing for him, if you're actually able to do all the things he wanted to do, he would destroy the city.","[SPEAKER_02] And that's going to be a liability for him. [SEP] [SPEAKER_02] So he's already put out, you know, some messaging that indicates he's trying to temper. [SEP] [SPEAKER_02] Actually the best thing for him, if you're actually able to do all the things he wanted to do, he would destroy the city."
meeting04_importance_score,13,"Actually the best thing for him, if you're actually able to do all the things he wanted to do, he would destroy the city.",1,SPEAKER_02,63.571,68.017,train,SPEAKER_02,"So he's already put out, you know, some messaging that indicates he's trying to temper.",SPEAKER_02,So the best thing for him is to actually not get most of the things he wants to do done.,"[SPEAKER_02] So he's already put out, you know, some messaging that indicates he's trying to temper.","[SPEAKER_02] Actually the best thing for him, if you're actually able to do all the things he wanted to do, he would destroy the city.",[SPEAKER_02] So the best thing for him is to actually not get most of the things he wants to do done.,"[SPEAKER_02] So he's already put out, you know, some messaging that indicates he's trying to temper. [SEP] [SPEAKER_02] Actually the best thing for him, if you're actually able to do all the things he wanted to do, he would destroy the city. [SEP] [SPEAKER_02] So the best thing for him is to actually not get most of the things he wants to do done."
meeting04_importance_score,14,So the best thing for him is to actually not get most of the things he wants to do done.,1,SPEAKER_02,68.037,72.223,train,SPEAKER_02,"Actually the best thing for him, if you're actually able to do all the things he wanted to do, he would destroy the city.",SPEAKER_01,And then he can blame the system for them not having happened.,"[SPEAKER_02] Actually the best thing for him, if you're actually able to do all the things he wanted to do, he would destroy the city.",[SPEAKER_02] So the best thing for him is to actually not get most of the things he wants to do done.,[SPEAKER_01] And then he can blame the system for them not having happened.,"[SPEAKER_02] Actually the best thing for him, if you're actually able to do all the things he wanted to do, he would destroy the city. [SEP] [SPEAKER_02] So the best thing for him is to actually not get most of the things he wants to do done. [SEP] [SPEAKER_01] And then he can blame the system for them not having happened."
meeting04_importance_score,15,And then he can blame the system for them not having happened.,1,SPEAKER_01,72.583,74.346,train,SPEAKER_02,So the best thing for him is to actually not get most of the things he wants to do done.,SPEAKER_01,And then the city will survive.,[SPEAKER_02] So the best thing for him is to actually not get most of the things he wants to do done.,[SPEAKER_01] And then he can blame the system for them not having happened.,[SPEAKER_01] And then the city will survive.,[SPEAKER_02] So the best thing for him is to actually not get most of the things he wants to do done. [SEP] [SPEAKER_01] And then he can blame the system for them not having happened. [SEP] [SPEAKER_01] And then the city will survive.
meeting04_importance_score,16,And then the city will survive.,1,SPEAKER_01,74.366,75.327,train,SPEAKER_01,And then he can blame the system for them not having happened.,SPEAKER_01,The best thing that's going to happen to Madani is the government overreach.,[SPEAKER_01] And then he can blame the system for them not having happened.,[SPEAKER_01] And then the city will survive.,[SPEAKER_01] The best thing that's going to happen to Madani is the government overreach.,[SPEAKER_01] And then he can blame the system for them not having happened. [SEP] [SPEAKER_01] And then the city will survive. [SEP] [SPEAKER_01] The best thing that's going to happen to Madani is the government overreach.
meeting04_importance_score,17,The best thing that's going to happen to Madani is the government overreach.,1,SPEAKER_01,75.467,77.65,train,SPEAKER_01,And then the city will survive.,SPEAKER_01,Because the government overreach is going to keep him from doing all of the things that he said he wants to do.,[SPEAKER_01] And then the city will survive.,[SPEAKER_01] The best thing that's going to happen to Madani is the government overreach.,[SPEAKER_01] Because the government overreach is going to keep him from doing all of the things that he said he wants to do.,[SPEAKER_01] And then the city will survive. [SEP] [SPEAKER_01] The best thing that's going to happen to Madani is the government overreach. [SEP] [SPEAKER_01] Because the government overreach is going to keep him from doing all of the things that he said he wants to do.
meeting04_importance_score,18,Because the government overreach is going to keep him from doing all of the things that he said he wants to do.,1,SPEAKER_01,77.794,82.051,train,SPEAKER_01,The best thing that's going to happen to Madani is the government overreach.,SPEAKER_01,"I don't know if he'll be able to get a lot of those things done, to Ben's point.",[SPEAKER_01] The best thing that's going to happen to Madani is the government overreach.,[SPEAKER_01] Because the government overreach is going to keep him from doing all of the things that he said he wants to do.,"[SPEAKER_01] I don't know if he'll be able to get a lot of those things done, to Ben's point.","[SPEAKER_01] The best thing that's going to happen to Madani is the government overreach. [SEP] [SPEAKER_01] Because the government overreach is going to keep him from doing all of the things that he said he wants to do. [SEP] [SPEAKER_01] I don't know if he'll be able to get a lot of those things done, to Ben's point."
meeting04_importance_score,19,"I don't know if he'll be able to get a lot of those things done, to Ben's point.",1,SPEAKER_01,82.111,84.962,train,SPEAKER_01,Because the government overreach is going to keep him from doing all of the things that he said he wants to do.,SPEAKER_01,But the fact that Trump is going to be such a thorn in his ass.,[SPEAKER_01] Because the government overreach is going to keep him from doing all of the things that he said he wants to do.,"[SPEAKER_01] I don't know if he'll be able to get a lot of those things done, to Ben's point.",[SPEAKER_01] But the fact that Trump is going to be such a thorn in his ass.,"[SPEAKER_01] Because the government overreach is going to keep him from doing all of the things that he said he wants to do. [SEP] [SPEAKER_01] I don't know if he'll be able to get a lot of those things done, to Ben's point. [SEP] [SPEAKER_01] But the fact that Trump is going to be such a thorn in his ass."
meeting04_importance_score,20,But the fact that Trump is going to be such a thorn in his ass.,1,SPEAKER_01,85.304,87.954,train,SPEAKER_01,"I don't know if he'll be able to get a lot of those things done, to Ben's point.",SPEAKER_00,That's going to be his excuse.,"[SPEAKER_01] I don't know if he'll be able to get a lot of those things done, to Ben's point.",[SPEAKER_01] But the fact that Trump is going to be such a thorn in his ass.,[SPEAKER_00] That's going to be his excuse.,"[SPEAKER_01] I don't know if he'll be able to get a lot of those things done, to Ben's point. [SEP] [SPEAKER_01] But the fact that Trump is going to be such a thorn in his ass. [SEP] [SPEAKER_00] That's going to be his excuse."
meeting04_importance_score,21,That's going to be his excuse.,1,SPEAKER_00,88.034,89.155,train,SPEAKER_01,But the fact that Trump is going to be such a thorn in his ass.,SPEAKER_00,"You know, I think it's also interesting, Anna, you talk about addressing issues that everyday people are living with every day.",[SPEAKER_01] But the fact that Trump is going to be such a thorn in his ass.,[SPEAKER_00] That's going to be his excuse.,"[SPEAKER_00] You know, I think it's also interesting, Anna, you talk about addressing issues that everyday people are living with every day.","[SPEAKER_01] But the fact that Trump is going to be such a thorn in his ass. [SEP] [SPEAKER_00] That's going to be his excuse. [SEP] [SPEAKER_00] You know, I think it's also interesting, Anna, you talk about addressing issues that everyday people are living with every day."
meeting04_importance_score,22,"You know, I think it's also interesting, Anna, you talk about addressing issues that everyday people are living with every day.",1,SPEAKER_00,89.616,94.061,train,SPEAKER_00,That's going to be his excuse.,SPEAKER_00,I also think the manner in which the candidates that are really rising to the top here did campaign largely on social media.,[SPEAKER_00] That's going to be his excuse.,"[SPEAKER_00] You know, I think it's also interesting, Anna, you talk about addressing issues that everyday people are living with every day.",[SPEAKER_00] I also think the manner in which the candidates that are really rising to the top here did campaign largely on social media.,"[SPEAKER_00] That's going to be his excuse. [SEP] [SPEAKER_00] You know, I think it's also interesting, Anna, you talk about addressing issues that everyday people are living with every day. [SEP] [SPEAKER_00] I also think the manner in which the candidates that are really rising to the top here did campaign largely on social media."
meeting04_importance_score,23,I also think the manner in which the candidates that are really rising to the top here did campaign largely on social media.,1,SPEAKER_00,94.121,99.187,train,SPEAKER_00,"You know, I think it's also interesting, Anna, you talk about addressing issues that everyday people are living with every day.",SPEAKER_00,"Using trending issues, making memes, making funny survivor type ads for mayor of New York City.","[SPEAKER_00] You know, I think it's also interesting, Anna, you talk about addressing issues that everyday people are living with every day.",[SPEAKER_00] I also think the manner in which the candidates that are really rising to the top here did campaign largely on social media.,"[SPEAKER_00] Using trending issues, making memes, making funny survivor type ads for mayor of New York City.","[SPEAKER_00] You know, I think it's also interesting, Anna, you talk about addressing issues that everyday people are living with every day. [SEP] [SPEAKER_00] I also think the manner in which the candidates that are really rising to the top here did campaign largely on social media. [SEP] [SPEAKER_00] Using trending issues, making memes, making funny survivor type ads for mayor of New York City."
meeting04_importance_score,24,"Using trending issues, making memes, making funny survivor type ads for mayor of New York City.",1,SPEAKER_00,99.588,105.315,train,SPEAKER_00,I also think the manner in which the candidates that are really rising to the top here did campaign largely on social media.,SPEAKER_00,That's really resonating with people.,[SPEAKER_00] I also think the manner in which the candidates that are really rising to the top here did campaign largely on social media.,"[SPEAKER_00] Using trending issues, making memes, making funny survivor type ads for mayor of New York City.",[SPEAKER_00] That's really resonating with people.,"[SPEAKER_00] I also think the manner in which the candidates that are really rising to the top here did campaign largely on social media. [SEP] [SPEAKER_00] Using trending issues, making memes, making funny survivor type ads for mayor of New York City. [SEP] [SPEAKER_00] That's really resonating with people."
meeting04_importance_score,25,That's really resonating with people.,1,SPEAKER_00,105.595,106.957,train,SPEAKER_00,"Using trending issues, making memes, making funny survivor type ads for mayor of New York City.",SPEAKER_00,It certainly did with Donald Trump as well.,"[SPEAKER_00] Using trending issues, making memes, making funny survivor type ads for mayor of New York City.",[SPEAKER_00] That's really resonating with people.,[SPEAKER_00] It certainly did with Donald Trump as well.,"[SPEAKER_00] Using trending issues, making memes, making funny survivor type ads for mayor of New York City. [SEP] [SPEAKER_00] That's really resonating with people. [SEP] [SPEAKER_00] It certainly did with Donald Trump as well."
meeting04_importance_score,26,It certainly did with Donald Trump as well.,1,SPEAKER_00,107.017,108.559,train,SPEAKER_00,That's really resonating with people.,SPEAKER_00,We talk about the meme wars a lot the last couple of years.,[SPEAKER_00] That's really resonating with people.,[SPEAKER_00] It certainly did with Donald Trump as well.,[SPEAKER_00] We talk about the meme wars a lot the last couple of years.,[SPEAKER_00] That's really resonating with people. [SEP] [SPEAKER_00] It certainly did with Donald Trump as well. [SEP] [SPEAKER_00] We talk about the meme wars a lot the last couple of years.
meeting04_importance_score,27,We talk about the meme wars a lot the last couple of years.,1,SPEAKER_00,108.579,111.442,train,SPEAKER_00,It certainly did with Donald Trump as well.,SPEAKER_00,And I think just the nature of how candidates are messaging their ideas to people has to start taking place in a different venue.,[SPEAKER_00] It certainly did with Donald Trump as well.,[SPEAKER_00] We talk about the meme wars a lot the last couple of years.,[SPEAKER_00] And I think just the nature of how candidates are messaging their ideas to people has to start taking place in a different venue.,[SPEAKER_00] It certainly did with Donald Trump as well. [SEP] [SPEAKER_00] We talk about the meme wars a lot the last couple of years. [SEP] [SPEAKER_00] And I think just the nature of how candidates are messaging their ideas to people has to start taking place in a different venue.
meeting04_importance_score,28,And I think just the nature of how candidates are messaging their ideas to people has to start taking place in a different venue.,1,SPEAKER_00,111.522,118.13,train,SPEAKER_00,We talk about the meme wars a lot the last couple of years.,SPEAKER_00,"If you fail to catch up with that, you're learning the hard way that there's really no longer a place for you on the American right or left.",[SPEAKER_00] We talk about the meme wars a lot the last couple of years.,[SPEAKER_00] And I think just the nature of how candidates are messaging their ideas to people has to start taking place in a different venue.,"[SPEAKER_00] If you fail to catch up with that, you're learning the hard way that there's really no longer a place for you on the American right or left.","[SPEAKER_00] We talk about the meme wars a lot the last couple of years. [SEP] [SPEAKER_00] And I think just the nature of how candidates are messaging their ideas to people has to start taking place in a different venue. [SEP] [SPEAKER_00] If you fail to catch up with that, you're learning the hard way that there's really no longer a place for you on the American right or left."
meeting04_importance_score,29,"If you fail to catch up with that, you're learning the hard way that there's really no longer a place for you on the American right or left.",1,SPEAKER_00,118.15,122.957,train,SPEAKER_00,And I think just the nature of how candidates are messaging their ideas to people has to start taking place in a different venue.,SPEAKER_00,"By the way, are y'all agreeing?",[SPEAKER_00] And I think just the nature of how candidates are messaging their ideas to people has to start taking place in a different venue.,"[SPEAKER_00] If you fail to catch up with that, you're learning the hard way that there's really no longer a place for you on the American right or left.","[SPEAKER_00] By the way, are y'all agreeing?","[SPEAKER_00] And I think just the nature of how candidates are messaging their ideas to people has to start taking place in a different venue. [SEP] [SPEAKER_00] If you fail to catch up with that, you're learning the hard way that there's really no longer a place for you on the American right or left. [SEP] [SPEAKER_00] By the way, are y'all agreeing?"
meeting04_importance_score,30,"By the way, are y'all agreeing?",0,SPEAKER_00,123.157,125.059,train,SPEAKER_00,"If you fail to catch up with that, you're learning the hard way that there's really no longer a place for you on the American right or left.",SPEAKER_00,Y'all think Zoron's going to win hands down?,"[SPEAKER_00] If you fail to catch up with that, you're learning the hard way that there's really no longer a place for you on the American right or left.","[SPEAKER_00] By the way, are y'all agreeing?",[SPEAKER_00] Y'all think Zoron's going to win hands down?,"[SPEAKER_00] If you fail to catch up with that, you're learning the hard way that there's really no longer a place for you on the American right or left. [SEP] [SPEAKER_00] By the way, are y'all agreeing? [SEP] [SPEAKER_00] Y'all think Zoron's going to win hands down?"
meeting04_importance_score,31,Y'all think Zoron's going to win hands down?,1,SPEAKER_00,125.079,126.481,train,SPEAKER_00,"By the way, are y'all agreeing?",SPEAKER_00,I'm not sure.,"[SPEAKER_00] By the way, are y'all agreeing?",[SPEAKER_00] Y'all think Zoron's going to win hands down?,[SPEAKER_00] I'm not sure.,"[SPEAKER_00] By the way, are y'all agreeing? [SEP] [SPEAKER_00] Y'all think Zoron's going to win hands down? [SEP] [SPEAKER_00] I'm not sure."
meeting04_importance_score,33,I'm not sure.,0,SPEAKER_00,127.462,127.843,train,SPEAKER_00,Y'all think Zoron's going to win hands down?,SPEAKER_00,"I mean, I think he will win, but all the polls keep showing, courtesy of clocking in at anywhere between 12 and 17 percent.",[SPEAKER_00] Y'all think Zoron's going to win hands down?,[SPEAKER_00] I'm not sure.,"[SPEAKER_00] I mean, I think he will win, but all the polls keep showing, courtesy of clocking in at anywhere between 12 and 17 percent.","[SPEAKER_00] Y'all think Zoron's going to win hands down? [SEP] [SPEAKER_00] I'm not sure. [SEP] [SPEAKER_00] I mean, I think he will win, but all the polls keep showing, courtesy of clocking in at anywhere between 12 and 17 percent."
meeting04_importance_score,34,"I mean, I think he will win, but all the polls keep showing, courtesy of clocking in at anywhere between 12 and 17 percent.",1,SPEAKER_00,127.883,135.392,train,SPEAKER_00,I'm not sure.,SPEAKER_00,"I'm just gonna put it out there, no effing way.",[SPEAKER_00] I'm not sure.,"[SPEAKER_00] I mean, I think he will win, but all the polls keep showing, courtesy of clocking in at anywhere between 12 and 17 percent.","[SPEAKER_00] I'm just gonna put it out there, no effing way.","[SPEAKER_00] I'm not sure. [SEP] [SPEAKER_00] I mean, I think he will win, but all the polls keep showing, courtesy of clocking in at anywhere between 12 and 17 percent. [SEP] [SPEAKER_00] I'm just gonna put it out there, no effing way."
meeting04_importance_score,36,"I'm just gonna put it out there, no effing way.",1,SPEAKER_00,136.994,139.217,train,SPEAKER_00,"I mean, I think he will win, but all the polls keep showing, courtesy of clocking in at anywhere between 12 and 17 percent.",SPEAKER_00,"We're gonna find out soon enough, Ben.","[SPEAKER_00] I mean, I think he will win, but all the polls keep showing, courtesy of clocking in at anywhere between 12 and 17 percent.","[SPEAKER_00] I'm just gonna put it out there, no effing way.","[SPEAKER_00] We're gonna find out soon enough, Ben.","[SPEAKER_00] I mean, I think he will win, but all the polls keep showing, courtesy of clocking in at anywhere between 12 and 17 percent. [SEP] [SPEAKER_00] I'm just gonna put it out there, no effing way. [SEP] [SPEAKER_00] We're gonna find out soon enough, Ben."
meeting04_importance_score,37,"We're gonna find out soon enough, Ben.",0,SPEAKER_00,139.237,140.278,train,SPEAKER_00,"I'm just gonna put it out there, no effing way.",SPEAKER_00,Not happening.,"[SPEAKER_00] I'm just gonna put it out there, no effing way.","[SPEAKER_00] We're gonna find out soon enough, Ben.",[SPEAKER_00] Not happening.,"[SPEAKER_00] I'm just gonna put it out there, no effing way. [SEP] [SPEAKER_00] We're gonna find out soon enough, Ben. [SEP] [SPEAKER_00] Not happening."
meeting04_importance_score,38,Not happening.,0,SPEAKER_00,140.319,140.979,train,SPEAKER_00,"We're gonna find out soon enough, Ben.",SPEAKER_00,A couple more minutes.,"[SPEAKER_00] We're gonna find out soon enough, Ben.",[SPEAKER_00] Not happening.,[SPEAKER_00] A couple more minutes.,"[SPEAKER_00] We're gonna find out soon enough, Ben. [SEP] [SPEAKER_00] Not happening. [SEP] [SPEAKER_00] A couple more minutes."
meeting04_importance_score,39,A couple more minutes.,0,SPEAKER_00,141.16,143.743,train,SPEAKER_00,Not happening.,SPEAKER_05,"Those are my friends who are responding to polls, right?",[SPEAKER_00] Not happening.,[SPEAKER_00] A couple more minutes.,"[SPEAKER_05] Those are my friends who are responding to polls, right?","[SPEAKER_00] Not happening. [SEP] [SPEAKER_00] A couple more minutes. [SEP] [SPEAKER_05] Those are my friends who are responding to polls, right?"
meeting04_importance_score,40,"Those are my friends who are responding to polls, right?",0,SPEAKER_05,144.524,146.847,train,SPEAKER_00,A couple more minutes.,SPEAKER_05,"And my friends are getting called up and like, I hate Andrew Cuomo, he killed all the old people and grabbed ass and he ran out of old people.",[SPEAKER_00] A couple more minutes.,"[SPEAKER_05] Those are my friends who are responding to polls, right?","[SPEAKER_05] And my friends are getting called up and like, I hate Andrew Cuomo, he killed all the old people and grabbed ass and he ran out of old people.","[SPEAKER_00] A couple more minutes. [SEP] [SPEAKER_05] Those are my friends who are responding to polls, right? [SEP] [SPEAKER_05] And my friends are getting called up and like, I hate Andrew Cuomo, he killed all the old people and grabbed ass and he ran out of old people."
meeting04_importance_score,41,"And my friends are getting called up and like, I hate Andrew Cuomo, he killed all the old people and grabbed ass and he ran out of old people.",1,SPEAKER_05,146.867,152.075,train,SPEAKER_05,"Those are my friends who are responding to polls, right?",SPEAKER_03,"And I hate Zor Mamdani, who is a communist who has some pro-jihadi leanings.","[SPEAKER_05] Those are my friends who are responding to polls, right?","[SPEAKER_05] And my friends are getting called up and like, I hate Andrew Cuomo, he killed all the old people and grabbed ass and he ran out of old people.","[SPEAKER_03] And I hate Zor Mamdani, who is a communist who has some pro-jihadi leanings.","[SPEAKER_05] Those are my friends who are responding to polls, right? [SEP] [SPEAKER_05] And my friends are getting called up and like, I hate Andrew Cuomo, he killed all the old people and grabbed ass and he ran out of old people. [SEP] [SPEAKER_03] And I hate Zor Mamdani, who is a communist who has some pro-jihadi leanings."
meeting04_importance_score,42,"And I hate Zor Mamdani, who is a communist who has some pro-jihadi leanings.",1,SPEAKER_03,152.095,157.542,train,SPEAKER_05,"And my friends are getting called up and like, I hate Andrew Cuomo, he killed all the old people and grabbed ass and he ran out of old people.",SPEAKER_05,"But you know what, I'm just gonna say Sliwa.","[SPEAKER_05] And my friends are getting called up and like, I hate Andrew Cuomo, he killed all the old people and grabbed ass and he ran out of old people.","[SPEAKER_03] And I hate Zor Mamdani, who is a communist who has some pro-jihadi leanings.","[SPEAKER_05] But you know what, I'm just gonna say Sliwa.","[SPEAKER_05] And my friends are getting called up and like, I hate Andrew Cuomo, he killed all the old people and grabbed ass and he ran out of old people. [SEP] [SPEAKER_03] And I hate Zor Mamdani, who is a communist who has some pro-jihadi leanings. [SEP] [SPEAKER_05] But you know what, I'm just gonna say Sliwa."
meeting04_importance_score,43,"But you know what, I'm just gonna say Sliwa.",1,SPEAKER_05,157.562,159.184,train,SPEAKER_03,"And I hate Zor Mamdani, who is a communist who has some pro-jihadi leanings.",SPEAKER_05,"And then they're gonna get in there and be like,","[SPEAKER_03] And I hate Zor Mamdani, who is a communist who has some pro-jihadi leanings.","[SPEAKER_05] But you know what, I'm just gonna say Sliwa.","[SPEAKER_05] And then they're gonna get in there and be like,","[SPEAKER_03] And I hate Zor Mamdani, who is a communist who has some pro-jihadi leanings. [SEP] [SPEAKER_05] But you know what, I'm just gonna say Sliwa. [SEP] [SPEAKER_05] And then they're gonna get in there and be like,"
meeting04_importance_score,44,"And then they're gonna get in there and be like,",0,SPEAKER_05,159.204,160.466,train,SPEAKER_05,"But you know what, I'm just gonna say Sliwa.",SPEAKER_04,"But am I, though?","[SPEAKER_05] But you know what, I'm just gonna say Sliwa.","[SPEAKER_05] And then they're gonna get in there and be like,","[SPEAKER_04] But am I, though?","[SPEAKER_05] But you know what, I'm just gonna say Sliwa. [SEP] [SPEAKER_05] And then they're gonna get in there and be like, [SEP] [SPEAKER_04] But am I, though?"
meeting04_importance_score,45,"But am I, though?",0,SPEAKER_04,160.802,161.904,train,SPEAKER_05,"And then they're gonna get in there and be like,",SPEAKER_05,"Like, do I love berets that much?","[SPEAKER_05] And then they're gonna get in there and be like,","[SPEAKER_04] But am I, though?","[SPEAKER_05] Like, do I love berets that much?","[SPEAKER_05] And then they're gonna get in there and be like, [SEP] [SPEAKER_04] But am I, though? [SEP] [SPEAKER_05] Like, do I love berets that much?"
meeting04_importance_score,46,"Like, do I love berets that much?",0,SPEAKER_05,162.064,163.306,train,SPEAKER_04,"But am I, though?",SPEAKER_05,"Like, how much do I love?","[SPEAKER_04] But am I, though?","[SPEAKER_05] Like, do I love berets that much?","[SPEAKER_05] Like, how much do I love?","[SPEAKER_04] But am I, though? [SEP] [SPEAKER_05] Like, do I love berets that much? [SEP] [SPEAKER_05] Like, how much do I love?"
meeting04_importance_score,47,"Like, how much do I love?",0,SPEAKER_05,163.366,164.087,train,SPEAKER_05,"Like, do I love berets that much?",SPEAKER_05,"Like, on a scale of one to ten.","[SPEAKER_05] Like, do I love berets that much?","[SPEAKER_05] Like, how much do I love?","[SPEAKER_05] Like, on a scale of one to ten.","[SPEAKER_05] Like, do I love berets that much? [SEP] [SPEAKER_05] Like, how much do I love? [SEP] [SPEAKER_05] Like, on a scale of one to ten."
meeting04_importance_score,48,"Like, on a scale of one to ten.",0,SPEAKER_05,164.107,165.028,train,SPEAKER_05,"Like, how much do I love?",SPEAKER_04,"When you meet him, though, he's a nice guy, man.","[SPEAKER_05] Like, how much do I love?","[SPEAKER_05] Like, on a scale of one to ten.","[SPEAKER_04] When you meet him, though, he's a nice guy, man.","[SPEAKER_05] Like, how much do I love? [SEP] [SPEAKER_05] Like, on a scale of one to ten. [SEP] [SPEAKER_04] When you meet him, though, he's a nice guy, man."
meeting04_importance_score,49,"When you meet him, though, he's a nice guy, man.",1,SPEAKER_04,165.048,167.011,train,SPEAKER_05,"Like, on a scale of one to ten.",SPEAKER_04,When you sit down and have a conversation with him.,"[SPEAKER_05] Like, on a scale of one to ten.","[SPEAKER_04] When you meet him, though, he's a nice guy, man.",[SPEAKER_04] When you sit down and have a conversation with him.,"[SPEAKER_05] Like, on a scale of one to ten. [SEP] [SPEAKER_04] When you meet him, though, he's a nice guy, man. [SEP] [SPEAKER_04] When you sit down and have a conversation with him."
meeting04_importance_score,50,When you sit down and have a conversation with him.,0,SPEAKER_04,167.031,168.974,train,SPEAKER_04,"When you meet him, though, he's a nice guy, man.",SPEAKER_05,And you know he's a real public servant.,"[SPEAKER_04] When you meet him, though, he's a nice guy, man.",[SPEAKER_04] When you sit down and have a conversation with him.,[SPEAKER_05] And you know he's a real public servant.,"[SPEAKER_04] When you meet him, though, he's a nice guy, man. [SEP] [SPEAKER_04] When you sit down and have a conversation with him. [SEP] [SPEAKER_05] And you know he's a real public servant."
meeting04_importance_score,51,And you know he's a real public servant.,1,SPEAKER_05,168.994,170.616,train,SPEAKER_04,When you sit down and have a conversation with him.,SPEAKER_05,"I mean, he was a guardian angel for a million years, right?",[SPEAKER_04] When you sit down and have a conversation with him.,[SPEAKER_05] And you know he's a real public servant.,"[SPEAKER_05] I mean, he was a guardian angel for a million years, right?","[SPEAKER_04] When you sit down and have a conversation with him. [SEP] [SPEAKER_05] And you know he's a real public servant. [SEP] [SPEAKER_05] I mean, he was a guardian angel for a million years, right?"
meeting04_importance_score,52,"I mean, he was a guardian angel for a million years, right?",0,SPEAKER_05,170.656,172.76,train,SPEAKER_05,And you know he's a real public servant.,SPEAKER_05,"Like, you know he actually is a public servant.",[SPEAKER_05] And you know he's a real public servant.,"[SPEAKER_05] I mean, he was a guardian angel for a million years, right?","[SPEAKER_05] Like, you know he actually is a public servant.","[SPEAKER_05] And you know he's a real public servant. [SEP] [SPEAKER_05] I mean, he was a guardian angel for a million years, right? [SEP] [SPEAKER_05] Like, you know he actually is a public servant."
meeting04_importance_score,53,"Like, you know he actually is a public servant.",1,SPEAKER_05,172.8,174.122,train,SPEAKER_05,"I mean, he was a guardian angel for a million years, right?",SPEAKER_05,I kind of like that part of his past.,"[SPEAKER_05] I mean, he was a guardian angel for a million years, right?","[SPEAKER_05] Like, you know he actually is a public servant.",[SPEAKER_05] I kind of like that part of his past.,"[SPEAKER_05] I mean, he was a guardian angel for a million years, right? [SEP] [SPEAKER_05] Like, you know he actually is a public servant. [SEP] [SPEAKER_05] I kind of like that part of his past."
meeting04_importance_score,54,I kind of like that part of his past.,0,SPEAKER_05,174.142,175.283,train,SPEAKER_05,"Like, you know he actually is a public servant.",SPEAKER_05,Me too.,"[SPEAKER_05] Like, you know he actually is a public servant.",[SPEAKER_05] I kind of like that part of his past.,[SPEAKER_05] Me too.,"[SPEAKER_05] Like, you know he actually is a public servant. [SEP] [SPEAKER_05] I kind of like that part of his past. [SEP] [SPEAKER_05] Me too."
meeting04_importance_score,55,Me too.,0,SPEAKER_05,175.303,175.464,train,SPEAKER_05,I kind of like that part of his past.,SPEAKER_05,"I know that he also has some shady things, whatever, but like...",[SPEAKER_05] I kind of like that part of his past.,[SPEAKER_05] Me too.,"[SPEAKER_05] I know that he also has some shady things, whatever, but like...","[SPEAKER_05] I kind of like that part of his past. [SEP] [SPEAKER_05] Me too. [SEP] [SPEAKER_05] I know that he also has some shady things, whatever, but like..."
meeting04_importance_score,56,"I know that he also has some shady things, whatever, but like...",0,SPEAKER_05,175.484,178.067,train,SPEAKER_05,Me too.,SPEAKER_05,But he admitted to it.,[SPEAKER_05] Me too.,"[SPEAKER_05] I know that he also has some shady things, whatever, but like...",[SPEAKER_05] But he admitted to it.,"[SPEAKER_05] Me too. [SEP] [SPEAKER_05] I know that he also has some shady things, whatever, but like... [SEP] [SPEAKER_05] But he admitted to it."
meeting04_importance_score,57,But he admitted to it.,0,SPEAKER_05,178.087,178.768,train,SPEAKER_05,"I know that he also has some shady things, whatever, but like...",SPEAKER_05,"He did, exactly.","[SPEAKER_05] I know that he also has some shady things, whatever, but like...",[SPEAKER_05] But he admitted to it.,"[SPEAKER_05] He did, exactly.","[SPEAKER_05] I know that he also has some shady things, whatever, but like... [SEP] [SPEAKER_05] But he admitted to it. [SEP] [SPEAKER_05] He did, exactly."
meeting04_importance_score,58,"He did, exactly.",0,SPEAKER_05,179.089,179.81,train,SPEAKER_05,But he admitted to it.,SPEAKER_05,"He was like, yo, I did it.",[SPEAKER_05] But he admitted to it.,"[SPEAKER_05] He did, exactly.","[SPEAKER_05] He was like, yo, I did it.","[SPEAKER_05] But he admitted to it. [SEP] [SPEAKER_05] He did, exactly. [SEP] [SPEAKER_05] He was like, yo, I did it."
meeting04_importance_score,59,"He was like, yo, I did it.",0,SPEAKER_05,179.85,180.371,train,SPEAKER_05,"He did, exactly.",SPEAKER_05,"I like the authenticity, and I like the fact that he cares about crime, right?","[SPEAKER_05] He did, exactly.","[SPEAKER_05] He was like, yo, I did it.","[SPEAKER_05] I like the authenticity, and I like the fact that he cares about crime, right?","[SPEAKER_05] He did, exactly. [SEP] [SPEAKER_05] He was like, yo, I did it. [SEP] [SPEAKER_05] I like the authenticity, and I like the fact that he cares about crime, right?"
meeting04_importance_score,60,"I like the authenticity, and I like the fact that he cares about crime, right?",1,SPEAKER_05,180.912,185.298,train,SPEAKER_05,"He was like, yo, I did it.",SPEAKER_05,"To that point, Zoran Mamdani, I think, really did himself a favor by moderating some of his messaging from 2020, for instance, right?","[SPEAKER_05] He was like, yo, I did it.","[SPEAKER_05] I like the authenticity, and I like the fact that he cares about crime, right?","[SPEAKER_05] To that point, Zoran Mamdani, I think, really did himself a favor by moderating some of his messaging from 2020, for instance, right?","[SPEAKER_05] He was like, yo, I did it. [SEP] [SPEAKER_05] I like the authenticity, and I like the fact that he cares about crime, right? [SEP] [SPEAKER_05] To that point, Zoran Mamdani, I think, really did himself a favor by moderating some of his messaging from 2020, for instance, right?"
meeting04_importance_score,61,"To that point, Zoran Mamdani, I think, really did himself a favor by moderating some of his messaging from 2020, for instance, right?",1,SPEAKER_05,185.762,193.337,train,SPEAKER_05,"I like the authenticity, and I like the fact that he cares about crime, right?",SPEAKER_05,"Focusing on how, no, we do need our public servants, we do need sworn officers, but I would like to beef up the NYPD by actually adding social workers to the mix instead of getting rid of cops.","[SPEAKER_05] I like the authenticity, and I like the fact that he cares about crime, right?","[SPEAKER_05] To that point, Zoran Mamdani, I think, really did himself a favor by moderating some of his messaging from 2020, for instance, right?","[SPEAKER_05] Focusing on how, no, we do need our public servants, we do need sworn officers, but I would like to beef up the NYPD by actually adding social workers to the mix instead of getting rid of cops.","[SPEAKER_05] I like the authenticity, and I like the fact that he cares about crime, right? [SEP] [SPEAKER_05] To that point, Zoran Mamdani, I think, really did himself a favor by moderating some of his messaging from 2020, for instance, right? [SEP] [SPEAKER_05] Focusing on how, no, we do need our public servants, we do need sworn officers, but I would like to beef up the NYPD by actually adding social workers to the mix instead of getting rid of cops."
meeting04_importance_score,62,"Focusing on how, no, we do need our public servants, we do need sworn officers, but I would like to beef up the NYPD by actually adding social workers to the mix instead of getting rid of cops.",1,SPEAKER_05,193.718,207.826,train,SPEAKER_05,"To that point, Zoran Mamdani, I think, really did himself a favor by moderating some of his messaging from 2020, for instance, right?",SPEAKER_03,"and replacing them with social workers, I think it makes sense to add social workers.","[SPEAKER_05] To that point, Zoran Mamdani, I think, really did himself a favor by moderating some of his messaging from 2020, for instance, right?","[SPEAKER_05] Focusing on how, no, we do need our public servants, we do need sworn officers, but I would like to beef up the NYPD by actually adding social workers to the mix instead of getting rid of cops.","[SPEAKER_03] and replacing them with social workers, I think it makes sense to add social workers.","[SPEAKER_05] To that point, Zoran Mamdani, I think, really did himself a favor by moderating some of his messaging from 2020, for instance, right? [SEP] [SPEAKER_05] Focusing on how, no, we do need our public servants, we do need sworn officers, but I would like to beef up the NYPD by actually adding social workers to the mix instead of getting rid of cops. [SEP] [SPEAKER_03] and replacing them with social workers, I think it makes sense to add social workers."
meeting04_importance_score,63,"and replacing them with social workers, I think it makes sense to add social workers.",1,SPEAKER_03,207.906,211.318,train,SPEAKER_05,"Focusing on how, no, we do need our public servants, we do need sworn officers, but I would like to beef up the NYPD by actually adding social workers to the mix instead of getting rid of cops.",SPEAKER_03,"Now, is he really going to be able to do that?","[SPEAKER_05] Focusing on how, no, we do need our public servants, we do need sworn officers, but I would like to beef up the NYPD by actually adding social workers to the mix instead of getting rid of cops.","[SPEAKER_03] and replacing them with social workers, I think it makes sense to add social workers.","[SPEAKER_03] Now, is he really going to be able to do that?","[SPEAKER_05] Focusing on how, no, we do need our public servants, we do need sworn officers, but I would like to beef up the NYPD by actually adding social workers to the mix instead of getting rid of cops. [SEP] [SPEAKER_03] and replacing them with social workers, I think it makes sense to add social workers. [SEP] [SPEAKER_03] Now, is he really going to be able to do that?"
meeting04_importance_score,64,"Now, is he really going to be able to do that?",0,SPEAKER_03,211.339,212.884,train,SPEAKER_03,"and replacing them with social workers, I think it makes sense to add social workers.",SPEAKER_03,"I don't know, but in terms of political messaging, I think that was smart.","[SPEAKER_03] and replacing them with social workers, I think it makes sense to add social workers.","[SPEAKER_03] Now, is he really going to be able to do that?","[SPEAKER_03] I don't know, but in terms of political messaging, I think that was smart.","[SPEAKER_03] and replacing them with social workers, I think it makes sense to add social workers. [SEP] [SPEAKER_03] Now, is he really going to be able to do that? [SEP] [SPEAKER_03] I don't know, but in terms of political messaging, I think that was smart."
meeting04_importance_score,65,"I don't know, but in terms of political messaging, I think that was smart.",1,SPEAKER_03,213.005,216.176,train,SPEAKER_03,"Now, is he really going to be able to do that?",SPEAKER_03,"If he wins, it will be really a great referendum on","[SPEAKER_03] Now, is he really going to be able to do that?","[SPEAKER_03] I don't know, but in terms of political messaging, I think that was smart.","[SPEAKER_03] If he wins, it will be really a great referendum on","[SPEAKER_03] Now, is he really going to be able to do that? [SEP] [SPEAKER_03] I don't know, but in terms of political messaging, I think that was smart. [SEP] [SPEAKER_03] If he wins, it will be really a great referendum on"
meeting04_importance_score,66,"If he wins, it will be really a great referendum on",1,SPEAKER_03,216.216,218.866,train,SPEAKER_03,"I don't know, but in terms of political messaging, I think that was smart.",SPEAKER_02,"third grade running for class president politics, because the way we all ran for class president in third grade, for those of us who ran for class president and maybe didn't win in third grade, was the free ice cream platform.","[SPEAKER_03] I don't know, but in terms of political messaging, I think that was smart.","[SPEAKER_03] If he wins, it will be really a great referendum on","[SPEAKER_02] third grade running for class president politics, because the way we all ran for class president in third grade, for those of us who ran for class president and maybe didn't win in third grade, was the free ice cream platform.","[SPEAKER_03] I don't know, but in terms of political messaging, I think that was smart. [SEP] [SPEAKER_03] If he wins, it will be really a great referendum on [SEP] [SPEAKER_02] third grade running for class president politics, because the way we all ran for class president in third grade, for those of us who ran for class president and maybe didn't win in third grade, was the free ice cream platform."
meeting04_importance_score,67,"third grade running for class president politics, because the way we all ran for class president in third grade, for those of us who ran for class president and maybe didn't win in third grade, was the free ice cream platform.",1,SPEAKER_02,219.01,229.599,train,SPEAKER_03,"If he wins, it will be really a great referendum on",SPEAKER_02,But Trump kind of ran that way as well.,"[SPEAKER_03] If he wins, it will be really a great referendum on","[SPEAKER_02] third grade running for class president politics, because the way we all ran for class president in third grade, for those of us who ran for class president and maybe didn't win in third grade, was the free ice cream platform.",[SPEAKER_02] But Trump kind of ran that way as well.,"[SPEAKER_03] If he wins, it will be really a great referendum on [SEP] [SPEAKER_02] third grade running for class president politics, because the way we all ran for class president in third grade, for those of us who ran for class president and maybe didn't win in third grade, was the free ice cream platform. [SEP] [SPEAKER_02] But Trump kind of ran that way as well."
meeting04_importance_score,68,But Trump kind of ran that way as well.,1,SPEAKER_02,229.619,231.261,train,SPEAKER_02,"third grade running for class president politics, because the way we all ran for class president in third grade, for those of us who ran for class president and maybe didn't win in third grade, was the free ice cream platform.",SPEAKER_02,"I mean, that's just amazing.","[SPEAKER_02] third grade running for class president politics, because the way we all ran for class president in third grade, for those of us who ran for class president and maybe didn't win in third grade, was the free ice cream platform.",[SPEAKER_02] But Trump kind of ran that way as well.,"[SPEAKER_02] I mean, that's just amazing.","[SPEAKER_02] third grade running for class president politics, because the way we all ran for class president in third grade, for those of us who ran for class president and maybe didn't win in third grade, was the free ice cream platform. [SEP] [SPEAKER_02] But Trump kind of ran that way as well. [SEP] [SPEAKER_02] I mean, that's just amazing."
meeting04_importance_score,69,"I mean, that's just amazing.",0,SPEAKER_02,231.421,232.402,train,SPEAKER_02,But Trump kind of ran that way as well.,SPEAKER_02,He literally went to McDonald's and was giving out fries and burgers.,[SPEAKER_02] But Trump kind of ran that way as well.,"[SPEAKER_02] I mean, that's just amazing.",[SPEAKER_02] He literally went to McDonald's and was giving out fries and burgers.,"[SPEAKER_02] But Trump kind of ran that way as well. [SEP] [SPEAKER_02] I mean, that's just amazing. [SEP] [SPEAKER_02] He literally went to McDonald's and was giving out fries and burgers."
meeting04_importance_score,70,He literally went to McDonald's and was giving out fries and burgers.,1,SPEAKER_02,232.522,235.845,train,SPEAKER_02,"I mean, that's just amazing.",SPEAKER_02,But did the burgers arrive?,"[SPEAKER_02] I mean, that's just amazing.",[SPEAKER_02] He literally went to McDonald's and was giving out fries and burgers.,[SPEAKER_02] But did the burgers arrive?,"[SPEAKER_02] I mean, that's just amazing. [SEP] [SPEAKER_02] He literally went to McDonald's and was giving out fries and burgers. [SEP] [SPEAKER_02] But did the burgers arrive?"
meeting04_importance_score,71,But did the burgers arrive?,0,SPEAKER_02,235.965,236.986,train,SPEAKER_02,He literally went to McDonald's and was giving out fries and burgers.,SPEAKER_02,"And that was smart, by the way.",[SPEAKER_02] He literally went to McDonald's and was giving out fries and burgers.,[SPEAKER_02] But did the burgers arrive?,"[SPEAKER_02] And that was smart, by the way.","[SPEAKER_02] He literally went to McDonald's and was giving out fries and burgers. [SEP] [SPEAKER_02] But did the burgers arrive? [SEP] [SPEAKER_02] And that was smart, by the way."
meeting04_importance_score,72,"And that was smart, by the way.",0,SPEAKER_02,237.006,237.826,train,SPEAKER_02,But did the burgers arrive?,SPEAKER_02,On time.,[SPEAKER_02] But did the burgers arrive?,"[SPEAKER_02] And that was smart, by the way.",[SPEAKER_02] On time.,"[SPEAKER_02] But did the burgers arrive? [SEP] [SPEAKER_02] And that was smart, by the way. [SEP] [SPEAKER_02] On time."
meeting04_importance_score,73,On time.,0,SPEAKER_02,237.926,238.627,train,SPEAKER_02,"And that was smart, by the way.",SPEAKER_02,"Hot and fresh, let me tell you.","[SPEAKER_02] And that was smart, by the way.",[SPEAKER_02] On time.,"[SPEAKER_02] Hot and fresh, let me tell you.","[SPEAKER_02] And that was smart, by the way. [SEP] [SPEAKER_02] On time. [SEP] [SPEAKER_02] Hot and fresh, let me tell you."
meeting04_importance_score,74,"Hot and fresh, let me tell you.",0,SPEAKER_02,238.667,240.308,train,SPEAKER_02,On time.,SPEAKER_02,And he was great with the fries.,[SPEAKER_02] On time.,"[SPEAKER_02] Hot and fresh, let me tell you.",[SPEAKER_02] And he was great with the fries.,"[SPEAKER_02] On time. [SEP] [SPEAKER_02] Hot and fresh, let me tell you. [SEP] [SPEAKER_02] And he was great with the fries."
meeting04_importance_score,75,And he was great with the fries.,1,SPEAKER_02,240.429,241.429,train,SPEAKER_02,"Hot and fresh, let me tell you.",SPEAKER_02,He looked very comfortable in there.,"[SPEAKER_02] Hot and fresh, let me tell you.",[SPEAKER_02] And he was great with the fries.,[SPEAKER_02] He looked very comfortable in there.,"[SPEAKER_02] Hot and fresh, let me tell you. [SEP] [SPEAKER_02] And he was great with the fries. [SEP] [SPEAKER_02] He looked very comfortable in there."
meeting04_importance_score,76,He looked very comfortable in there.,1,SPEAKER_02,241.449,242.751,train,SPEAKER_02,And he was great with the fries.,SPEAKER_02,He did.,[SPEAKER_02] And he was great with the fries.,[SPEAKER_02] He looked very comfortable in there.,[SPEAKER_02] He did.,[SPEAKER_02] And he was great with the fries. [SEP] [SPEAKER_02] He looked very comfortable in there. [SEP] [SPEAKER_02] He did.
meeting04_importance_score,77,He did.,0,SPEAKER_02,242.791,243.211,train,SPEAKER_02,He looked very comfortable in there.,SPEAKER_02,"Mom Donnie is promising free buses, transgender surgeries for cats, everything he could possibly want.",[SPEAKER_02] He looked very comfortable in there.,[SPEAKER_02] He did.,"[SPEAKER_02] Mom Donnie is promising free buses, transgender surgeries for cats, everything he could possibly want.","[SPEAKER_02] He looked very comfortable in there. [SEP] [SPEAKER_02] He did. [SEP] [SPEAKER_02] Mom Donnie is promising free buses, transgender surgeries for cats, everything he could possibly want."
meeting04_importance_score,78,"Mom Donnie is promising free buses, transgender surgeries for cats, everything he could possibly want.",1,SPEAKER_02,243.251,248.996,train,SPEAKER_02,He did.,SPEAKER_02,It's coming from tax revenue that doesn't exist.,[SPEAKER_02] He did.,"[SPEAKER_02] Mom Donnie is promising free buses, transgender surgeries for cats, everything he could possibly want.",[SPEAKER_02] It's coming from tax revenue that doesn't exist.,"[SPEAKER_02] He did. [SEP] [SPEAKER_02] Mom Donnie is promising free buses, transgender surgeries for cats, everything he could possibly want. [SEP] [SPEAKER_02] It's coming from tax revenue that doesn't exist."
meeting04_importance_score,79,It's coming from tax revenue that doesn't exist.,1,SPEAKER_02,248.976,256.486,train,SPEAKER_02,"Mom Donnie is promising free buses, transgender surgeries for cats, everything he could possibly want.",SPEAKER_02,"It's coming from tax revenue that the governor is saying, I'm not getting you that tax revenue.","[SPEAKER_02] Mom Donnie is promising free buses, transgender surgeries for cats, everything he could possibly want.",[SPEAKER_02] It's coming from tax revenue that doesn't exist.,"[SPEAKER_02] It's coming from tax revenue that the governor is saying, I'm not getting you that tax revenue.","[SPEAKER_02] Mom Donnie is promising free buses, transgender surgeries for cats, everything he could possibly want. [SEP] [SPEAKER_02] It's coming from tax revenue that doesn't exist. [SEP] [SPEAKER_02] It's coming from tax revenue that the governor is saying, I'm not getting you that tax revenue."
meeting04_importance_score,80,"It's coming from tax revenue that the governor is saying, I'm not getting you that tax revenue.",0,SPEAKER_02,256.526,259.631,train,SPEAKER_02,It's coming from tax revenue that doesn't exist.,SPEAKER_02,"And he's just like, well, I'll magic it right here in this hat.",[SPEAKER_02] It's coming from tax revenue that doesn't exist.,"[SPEAKER_02] It's coming from tax revenue that the governor is saying, I'm not getting you that tax revenue.","[SPEAKER_02] And he's just like, well, I'll magic it right here in this hat.","[SPEAKER_02] It's coming from tax revenue that doesn't exist. [SEP] [SPEAKER_02] It's coming from tax revenue that the governor is saying, I'm not getting you that tax revenue. [SEP] [SPEAKER_02] And he's just like, well, I'll magic it right here in this hat."
meeting04_importance_score,81,"And he's just like, well, I'll magic it right here in this hat.",1,SPEAKER_02,259.891,263.836,train,SPEAKER_02,"It's coming from tax revenue that the governor is saying, I'm not getting you that tax revenue.",UNKNOWN,"I mean, if the best campaign wins, when Donnie should win, because he ran the best campaign against candidates that","[SPEAKER_02] It's coming from tax revenue that the governor is saying, I'm not getting you that tax revenue.","[SPEAKER_02] And he's just like, well, I'll magic it right here in this hat.","[UNKNOWN] I mean, if the best campaign wins, when Donnie should win, because he ran the best campaign against candidates that","[SPEAKER_02] It's coming from tax revenue that the governor is saying, I'm not getting you that tax revenue. [SEP] [SPEAKER_02] And he's just like, well, I'll magic it right here in this hat. [SEP] [UNKNOWN] I mean, if the best campaign wins, when Donnie should win, because he ran the best campaign against candidates that"
meeting04_importance_score,82,"I mean, if the best campaign wins, when Donnie should win, because he ran the best campaign against candidates that",1,UNKNOWN,264.317,270.866,train,SPEAKER_02,"And he's just like, well, I'll magic it right here in this hat.",UNKNOWN,"Aren't the strongest, right?","[SPEAKER_02] And he's just like, well, I'll magic it right here in this hat.","[UNKNOWN] I mean, if the best campaign wins, when Donnie should win, because he ran the best campaign against candidates that","[UNKNOWN] Aren't the strongest, right?","[SPEAKER_02] And he's just like, well, I'll magic it right here in this hat. [SEP] [UNKNOWN] I mean, if the best campaign wins, when Donnie should win, because he ran the best campaign against candidates that [SEP] [UNKNOWN] Aren't the strongest, right?"
meeting04_importance_score,83,"Aren't the strongest, right?",0,UNKNOWN,271.042,272.366,train,UNKNOWN,"I mean, if the best campaign wins, when Donnie should win, because he ran the best campaign against candidates that",UNKNOWN,"And it's a message, a message of affordability.","[UNKNOWN] I mean, if the best campaign wins, when Donnie should win, because he ran the best campaign against candidates that","[UNKNOWN] Aren't the strongest, right?","[UNKNOWN] And it's a message, a message of affordability.","[UNKNOWN] I mean, if the best campaign wins, when Donnie should win, because he ran the best campaign against candidates that [SEP] [UNKNOWN] Aren't the strongest, right? [SEP] [UNKNOWN] And it's a message, a message of affordability."
meeting04_importance_score,84,"And it's a message, a message of affordability.",1,UNKNOWN,272.627,279.349,train,UNKNOWN,"Aren't the strongest, right?",UNKNOWN,I feel like the messaging of affordability will work anywhere in America.,"[UNKNOWN] Aren't the strongest, right?","[UNKNOWN] And it's a message, a message of affordability.",[UNKNOWN] I feel like the messaging of affordability will work anywhere in America.,"[UNKNOWN] Aren't the strongest, right? [SEP] [UNKNOWN] And it's a message, a message of affordability. [SEP] [UNKNOWN] I feel like the messaging of affordability will work anywhere in America."
meeting04_importance_score,85,I feel like the messaging of affordability will work anywhere in America.,1,UNKNOWN,279.409,282.92,train,UNKNOWN,"And it's a message, a message of affordability.",,,"[UNKNOWN] And it's a message, a message of affordability.",[UNKNOWN] I feel like the messaging of affordability will work anywhere in America.,[NO_NEXT],"[UNKNOWN] And it's a message, a message of affordability. [SEP] [UNKNOWN] I feel like the messaging of affordability will work anywhere in America. [SEP] [NO_NEXT]"
meeting05_importance_score,0,"Yes, nice vibes.",0,SPEAKER_02,0.0,2.944,train,,,SPEAKER_02,"I think, yeah, the way you treat people is the most important part of life in general.",[NO_PREV],"[SPEAKER_02] Yes, nice vibes.","[SPEAKER_02] I think, yeah, the way you treat people is the most important part of life in general.","[NO_PREV] [SEP] [SPEAKER_02] Yes, nice vibes. [SEP] [SPEAKER_02] I think, yeah, the way you treat people is the most important part of life in general."
meeting05_importance_score,1,"I think, yeah, the way you treat people is the most important part of life in general.",1,SPEAKER_02,3.064,11.734,train,SPEAKER_02,"Yes, nice vibes.",SPEAKER_02,"And like, it really is.","[SPEAKER_02] Yes, nice vibes.","[SPEAKER_02] I think, yeah, the way you treat people is the most important part of life in general.","[SPEAKER_02] And like, it really is.","[SPEAKER_02] Yes, nice vibes. [SEP] [SPEAKER_02] I think, yeah, the way you treat people is the most important part of life in general. [SEP] [SPEAKER_02] And like, it really is."
meeting05_importance_score,2,"And like, it really is.",0,SPEAKER_02,12.015,13.937,train,SPEAKER_02,"I think, yeah, the way you treat people is the most important part of life in general.",SPEAKER_02,"Also, I mean, the experience and the relationships you can make are what really you hold on to afterwards.","[SPEAKER_02] I think, yeah, the way you treat people is the most important part of life in general.","[SPEAKER_02] And like, it really is.","[SPEAKER_02] Also, I mean, the experience and the relationships you can make are what really you hold on to afterwards.","[SPEAKER_02] I think, yeah, the way you treat people is the most important part of life in general. [SEP] [SPEAKER_02] And like, it really is. [SEP] [SPEAKER_02] Also, I mean, the experience and the relationships you can make are what really you hold on to afterwards."
meeting05_importance_score,3,"Also, I mean, the experience and the relationships you can make are what really you hold on to afterwards.",1,SPEAKER_02,13.977,22.948,train,SPEAKER_02,"And like, it really is.",SPEAKER_02,"It's like, sure, the finished product is important, but like,","[SPEAKER_02] And like, it really is.","[SPEAKER_02] Also, I mean, the experience and the relationships you can make are what really you hold on to afterwards.","[SPEAKER_02] It's like, sure, the finished product is important, but like,","[SPEAKER_02] And like, it really is. [SEP] [SPEAKER_02] Also, I mean, the experience and the relationships you can make are what really you hold on to afterwards. [SEP] [SPEAKER_02] It's like, sure, the finished product is important, but like,"
meeting05_importance_score,4,"It's like, sure, the finished product is important, but like,",1,SPEAKER_02,23.929,27.794,train,SPEAKER_02,"Also, I mean, the experience and the relationships you can make are what really you hold on to afterwards.",SPEAKER_02,how you get there is really what sticks with you forever.,"[SPEAKER_02] Also, I mean, the experience and the relationships you can make are what really you hold on to afterwards.","[SPEAKER_02] It's like, sure, the finished product is important, but like,",[SPEAKER_02] how you get there is really what sticks with you forever.,"[SPEAKER_02] Also, I mean, the experience and the relationships you can make are what really you hold on to afterwards. [SEP] [SPEAKER_02] It's like, sure, the finished product is important, but like, [SEP] [SPEAKER_02] how you get there is really what sticks with you forever."
meeting05_importance_score,5,how you get there is really what sticks with you forever.,1,SPEAKER_02,28.098,31.643,train,SPEAKER_02,"It's like, sure, the finished product is important, but like,",SPEAKER_02,"And that, yeah, I'm so grateful to have worked with people I love and have experiences that I love.","[SPEAKER_02] It's like, sure, the finished product is important, but like,",[SPEAKER_02] how you get there is really what sticks with you forever.,"[SPEAKER_02] And that, yeah, I'm so grateful to have worked with people I love and have experiences that I love.","[SPEAKER_02] It's like, sure, the finished product is important, but like, [SEP] [SPEAKER_02] how you get there is really what sticks with you forever. [SEP] [SPEAKER_02] And that, yeah, I'm so grateful to have worked with people I love and have experiences that I love."
meeting05_importance_score,6,"And that, yeah, I'm so grateful to have worked with people I love and have experiences that I love.",1,SPEAKER_02,32.044,41.757,train,SPEAKER_02,how you get there is really what sticks with you forever.,SPEAKER_02,"And there is nothing more rewarding too than I think it's like the most beautiful thing people can do to like cooperate together, create together.",[SPEAKER_02] how you get there is really what sticks with you forever.,"[SPEAKER_02] And that, yeah, I'm so grateful to have worked with people I love and have experiences that I love.","[SPEAKER_02] And there is nothing more rewarding too than I think it's like the most beautiful thing people can do to like cooperate together, create together.","[SPEAKER_02] how you get there is really what sticks with you forever. [SEP] [SPEAKER_02] And that, yeah, I'm so grateful to have worked with people I love and have experiences that I love. [SEP] [SPEAKER_02] And there is nothing more rewarding too than I think it's like the most beautiful thing people can do to like cooperate together, create together."
meeting05_importance_score,7,"And there is nothing more rewarding too than I think it's like the most beautiful thing people can do to like cooperate together, create together.",1,SPEAKER_02,41.898,53.494,train,SPEAKER_02,"And that, yeah, I'm so grateful to have worked with people I love and have experiences that I love.",SPEAKER_02,"I mean, I'm sure you do it with cooking as well that like,","[SPEAKER_02] And that, yeah, I'm so grateful to have worked with people I love and have experiences that I love.","[SPEAKER_02] And there is nothing more rewarding too than I think it's like the most beautiful thing people can do to like cooperate together, create together.","[SPEAKER_02] I mean, I'm sure you do it with cooking as well that like,","[SPEAKER_02] And that, yeah, I'm so grateful to have worked with people I love and have experiences that I love. [SEP] [SPEAKER_02] And there is nothing more rewarding too than I think it's like the most beautiful thing people can do to like cooperate together, create together. [SEP] [SPEAKER_02] I mean, I'm sure you do it with cooking as well that like,"
meeting05_importance_score,8,"I mean, I'm sure you do it with cooking as well that like,",1,SPEAKER_02,53.514,56.338,train,SPEAKER_02,"And there is nothing more rewarding too than I think it's like the most beautiful thing people can do to like cooperate together, create together.",SPEAKER_02,"when people can work together and make something together and treat each other kindly while they're doing it, it just feels like the magic of when an orchestra plays together and it's just gorgeous music or something, you know?","[SPEAKER_02] And there is nothing more rewarding too than I think it's like the most beautiful thing people can do to like cooperate together, create together.","[SPEAKER_02] I mean, I'm sure you do it with cooking as well that like,","[SPEAKER_02] when people can work together and make something together and treat each other kindly while they're doing it, it just feels like the magic of when an orchestra plays together and it's just gorgeous music or something, you know?","[SPEAKER_02] And there is nothing more rewarding too than I think it's like the most beautiful thing people can do to like cooperate together, create together. [SEP] [SPEAKER_02] I mean, I'm sure you do it with cooking as well that like, [SEP] [SPEAKER_02] when people can work together and make something together and treat each other kindly while they're doing it, it just feels like the magic of when an orchestra plays together and it's just gorgeous music or something, you know?"
meeting05_importance_score,9,"when people can work together and make something together and treat each other kindly while they're doing it, it just feels like the magic of when an orchestra plays together and it's just gorgeous music or something, you know?",1,SPEAKER_02,57.218,70.014,train,SPEAKER_02,"I mean, I'm sure you do it with cooking as well that like,",SPEAKER_00,"Speaking of all the actors that love you, I was chatting with my friend Drew Elliott, who","[SPEAKER_02] I mean, I'm sure you do it with cooking as well that like,","[SPEAKER_02] when people can work together and make something together and treat each other kindly while they're doing it, it just feels like the magic of when an orchestra plays together and it's just gorgeous music or something, you know?","[SPEAKER_00] Speaking of all the actors that love you, I was chatting with my friend Drew Elliott, who","[SPEAKER_02] I mean, I'm sure you do it with cooking as well that like, [SEP] [SPEAKER_02] when people can work together and make something together and treat each other kindly while they're doing it, it just feels like the magic of when an orchestra plays together and it's just gorgeous music or something, you know? [SEP] [SPEAKER_00] Speaking of all the actors that love you, I was chatting with my friend Drew Elliott, who"
meeting05_importance_score,10,"Speaking of all the actors that love you, I was chatting with my friend Drew Elliott, who",1,SPEAKER_00,70.034,79.026,train,SPEAKER_02,"when people can work together and make something together and treat each other kindly while they're doing it, it just feels like the magic of when an orchestra plays together and it's just gorgeous music or something, you know?",SPEAKER_02,Drew Elliott!,"[SPEAKER_02] when people can work together and make something together and treat each other kindly while they're doing it, it just feels like the magic of when an orchestra plays together and it's just gorgeous music or something, you know?","[SPEAKER_00] Speaking of all the actors that love you, I was chatting with my friend Drew Elliott, who",[SPEAKER_02] Drew Elliott!,"[SPEAKER_02] when people can work together and make something together and treat each other kindly while they're doing it, it just feels like the magic of when an orchestra plays together and it's just gorgeous music or something, you know? [SEP] [SPEAKER_00] Speaking of all the actors that love you, I was chatting with my friend Drew Elliott, who [SEP] [SPEAKER_02] Drew Elliott!"
meeting05_importance_score,11,Drew Elliott!,0,SPEAKER_02,79.266,82.369,train,SPEAKER_00,"Speaking of all the actors that love you, I was chatting with my friend Drew Elliott, who",SPEAKER_02,Yes?,"[SPEAKER_00] Speaking of all the actors that love you, I was chatting with my friend Drew Elliott, who",[SPEAKER_02] Drew Elliott!,[SPEAKER_02] Yes?,"[SPEAKER_00] Speaking of all the actors that love you, I was chatting with my friend Drew Elliott, who [SEP] [SPEAKER_02] Drew Elliott! [SEP] [SPEAKER_02] Yes?"
meeting05_importance_score,12,Yes?,0,SPEAKER_02,82.39,82.67,train,SPEAKER_02,Drew Elliott!,SPEAKER_02,Tell Drew Elliott I say hi and I miss him.,[SPEAKER_02] Drew Elliott!,[SPEAKER_02] Yes?,[SPEAKER_02] Tell Drew Elliott I say hi and I miss him.,[SPEAKER_02] Drew Elliott! [SEP] [SPEAKER_02] Yes? [SEP] [SPEAKER_02] Tell Drew Elliott I say hi and I miss him.
meeting05_importance_score,13,Tell Drew Elliott I say hi and I miss him.,0,SPEAKER_02,82.69,85.533,train,SPEAKER_02,Yes?,SPEAKER_00,"So I was chatting to Drew Elliott, my friend Drew, and we were having a back and forth and he said, what are you doing?",[SPEAKER_02] Yes?,[SPEAKER_02] Tell Drew Elliott I say hi and I miss him.,"[SPEAKER_00] So I was chatting to Drew Elliott, my friend Drew, and we were having a back and forth and he said, what are you doing?","[SPEAKER_02] Yes? [SEP] [SPEAKER_02] Tell Drew Elliott I say hi and I miss him. [SEP] [SPEAKER_00] So I was chatting to Drew Elliott, my friend Drew, and we were having a back and forth and he said, what are you doing?"
meeting05_importance_score,14,"So I was chatting to Drew Elliott, my friend Drew, and we were having a back and forth and he said, what are you doing?",1,SPEAKER_00,85.553,90.819,train,SPEAKER_02,Tell Drew Elliott I say hi and I miss him.,SPEAKER_00,"And I said, I've got Natalie Portman on dish tomorrow.",[SPEAKER_02] Tell Drew Elliott I say hi and I miss him.,"[SPEAKER_00] So I was chatting to Drew Elliott, my friend Drew, and we were having a back and forth and he said, what are you doing?","[SPEAKER_00] And I said, I've got Natalie Portman on dish tomorrow.","[SPEAKER_02] Tell Drew Elliott I say hi and I miss him. [SEP] [SPEAKER_00] So I was chatting to Drew Elliott, my friend Drew, and we were having a back and forth and he said, what are you doing? [SEP] [SPEAKER_00] And I said, I've got Natalie Portman on dish tomorrow."
meeting05_importance_score,15,"And I said, I've got Natalie Portman on dish tomorrow.",1,SPEAKER_00,90.839,93.122,train,SPEAKER_00,"So I was chatting to Drew Elliott, my friend Drew, and we were having a back and forth and he said, what are you doing?",SPEAKER_00,"And he said, I went to summer camp with her.","[SPEAKER_00] So I was chatting to Drew Elliott, my friend Drew, and we were having a back and forth and he said, what are you doing?","[SPEAKER_00] And I said, I've got Natalie Portman on dish tomorrow.","[SPEAKER_00] And he said, I went to summer camp with her.","[SPEAKER_00] So I was chatting to Drew Elliott, my friend Drew, and we were having a back and forth and he said, what are you doing? [SEP] [SPEAKER_00] And I said, I've got Natalie Portman on dish tomorrow. [SEP] [SPEAKER_00] And he said, I went to summer camp with her."
meeting05_importance_score,16,"And he said, I went to summer camp with her.",1,SPEAKER_00,93.182,95.404,train,SPEAKER_00,"And I said, I've got Natalie Portman on dish tomorrow.",SPEAKER_02,We did go to summer camp.,"[SPEAKER_00] And I said, I've got Natalie Portman on dish tomorrow.","[SPEAKER_00] And he said, I went to summer camp with her.",[SPEAKER_02] We did go to summer camp.,"[SPEAKER_00] And I said, I've got Natalie Portman on dish tomorrow. [SEP] [SPEAKER_00] And he said, I went to summer camp with her. [SEP] [SPEAKER_02] We did go to summer camp."
meeting05_importance_score,17,We did go to summer camp.,0,SPEAKER_02,95.504,96.726,train,SPEAKER_00,"And he said, I went to summer camp with her.",SPEAKER_02,"I was like, what?","[SPEAKER_00] And he said, I went to summer camp with her.",[SPEAKER_02] We did go to summer camp.,"[SPEAKER_02] I was like, what?","[SPEAKER_00] And he said, I went to summer camp with her. [SEP] [SPEAKER_02] We did go to summer camp. [SEP] [SPEAKER_02] I was like, what?"
meeting05_importance_score,18,"I was like, what?",0,SPEAKER_02,96.746,97.707,train,SPEAKER_02,We did go to summer camp.,SPEAKER_02,Did he tell you about the big fight we had?,[SPEAKER_02] We did go to summer camp.,"[SPEAKER_02] I was like, what?",[SPEAKER_02] Did he tell you about the big fight we had?,"[SPEAKER_02] We did go to summer camp. [SEP] [SPEAKER_02] I was like, what? [SEP] [SPEAKER_02] Did he tell you about the big fight we had?"
meeting05_importance_score,19,Did he tell you about the big fight we had?,1,SPEAKER_02,98.267,99.829,train,SPEAKER_02,"I was like, what?",SPEAKER_00,Was it due to a retainer?,"[SPEAKER_02] I was like, what?",[SPEAKER_02] Did he tell you about the big fight we had?,[SPEAKER_00] Was it due to a retainer?,"[SPEAKER_02] I was like, what? [SEP] [SPEAKER_02] Did he tell you about the big fight we had? [SEP] [SPEAKER_00] Was it due to a retainer?"
meeting05_importance_score,20,Was it due to a retainer?,1,SPEAKER_00,100.49,102.112,train,SPEAKER_02,Did he tell you about the big fight we had?,SPEAKER_03,Yes.,[SPEAKER_02] Did he tell you about the big fight we had?,[SPEAKER_00] Was it due to a retainer?,[SPEAKER_03] Yes.,[SPEAKER_02] Did he tell you about the big fight we had? [SEP] [SPEAKER_00] Was it due to a retainer? [SEP] [SPEAKER_03] Yes.
meeting05_importance_score,21,Yes.,0,SPEAKER_03,102.232,104.855,train,SPEAKER_00,Was it due to a retainer?,SPEAKER_00,Okay.,[SPEAKER_00] Was it due to a retainer?,[SPEAKER_03] Yes.,[SPEAKER_00] Okay.,[SPEAKER_00] Was it due to a retainer? [SEP] [SPEAKER_03] Yes. [SEP] [SPEAKER_00] Okay.
meeting05_importance_score,22,Okay.,0,SPEAKER_00,105.656,105.816,train,SPEAKER_03,Yes.,SPEAKER_00,"All he said was,",[SPEAKER_03] Yes.,[SPEAKER_00] Okay.,"[SPEAKER_00] All he said was,","[SPEAKER_03] Yes. [SEP] [SPEAKER_00] Okay. [SEP] [SPEAKER_00] All he said was,"
meeting05_importance_score,23,"All he said was,",0,SPEAKER_00,106.437,107.698,train,SPEAKER_00,Okay.,SPEAKER_00,Ask her about my retainer.,[SPEAKER_00] Okay.,"[SPEAKER_00] All he said was,",[SPEAKER_00] Ask her about my retainer.,"[SPEAKER_00] Okay. [SEP] [SPEAKER_00] All he said was, [SEP] [SPEAKER_00] Ask her about my retainer."
meeting05_importance_score,24,Ask her about my retainer.,0,SPEAKER_00,107.906,110.189,train,SPEAKER_00,"All he said was,",SPEAKER_00,What happened?,"[SPEAKER_00] All he said was,",[SPEAKER_00] Ask her about my retainer.,[SPEAKER_00] What happened?,"[SPEAKER_00] All he said was, [SEP] [SPEAKER_00] Ask her about my retainer. [SEP] [SPEAKER_00] What happened?"
meeting05_importance_score,25,What happened?,1,SPEAKER_00,110.83,112.513,train,SPEAKER_00,Ask her about my retainer.,SPEAKER_00,Do tell us.,[SPEAKER_00] Ask her about my retainer.,[SPEAKER_00] What happened?,[SPEAKER_00] Do tell us.,[SPEAKER_00] Ask her about my retainer. [SEP] [SPEAKER_00] What happened? [SEP] [SPEAKER_00] Do tell us.
meeting05_importance_score,26,Do tell us.,0,SPEAKER_00,112.533,113.053,train,SPEAKER_00,What happened?,SPEAKER_02,"Well, we'd have the like, you know, like lunch room where we all had lunch together.",[SPEAKER_00] What happened?,[SPEAKER_00] Do tell us.,"[SPEAKER_02] Well, we'd have the like, you know, like lunch room where we all had lunch together.","[SPEAKER_00] What happened? [SEP] [SPEAKER_00] Do tell us. [SEP] [SPEAKER_02] Well, we'd have the like, you know, like lunch room where we all had lunch together."
meeting05_importance_score,27,"Well, we'd have the like, you know, like lunch room where we all had lunch together.",1,SPEAKER_02,113.514,120.003,train,SPEAKER_00,Do tell us.,SPEAKER_02,"It was theater camp, by the way.",[SPEAKER_00] Do tell us.,"[SPEAKER_02] Well, we'd have the like, you know, like lunch room where we all had lunch together.","[SPEAKER_02] It was theater camp, by the way.","[SPEAKER_00] Do tell us. [SEP] [SPEAKER_02] Well, we'd have the like, you know, like lunch room where we all had lunch together. [SEP] [SPEAKER_02] It was theater camp, by the way."
meeting05_importance_score,28,"It was theater camp, by the way.",1,SPEAKER_02,120.043,121.826,train,SPEAKER_02,"Well, we'd have the like, you know, like lunch room where we all had lunch together.",SPEAKER_02,"Oh, okay.","[SPEAKER_02] Well, we'd have the like, you know, like lunch room where we all had lunch together.","[SPEAKER_02] It was theater camp, by the way.","[SPEAKER_02] Oh, okay.","[SPEAKER_02] Well, we'd have the like, you know, like lunch room where we all had lunch together. [SEP] [SPEAKER_02] It was theater camp, by the way. [SEP] [SPEAKER_02] Oh, okay."
meeting05_importance_score,29,"Oh, okay.",0,SPEAKER_02,121.846,123.168,train,SPEAKER_02,"It was theater camp, by the way.",SPEAKER_02,So we spent the whole day doing like singing and dancing and acting classes.,"[SPEAKER_02] It was theater camp, by the way.","[SPEAKER_02] Oh, okay.",[SPEAKER_02] So we spent the whole day doing like singing and dancing and acting classes.,"[SPEAKER_02] It was theater camp, by the way. [SEP] [SPEAKER_02] Oh, okay. [SEP] [SPEAKER_02] So we spent the whole day doing like singing and dancing and acting classes."
meeting05_importance_score,30,So we spent the whole day doing like singing and dancing and acting classes.,1,SPEAKER_02,123.188,127.915,train,SPEAKER_02,"Oh, okay.",SPEAKER_02,And then we'd gather for lunch and Drew would take his retainer out and put it on the table while we were having lunch.,"[SPEAKER_02] Oh, okay.",[SPEAKER_02] So we spent the whole day doing like singing and dancing and acting classes.,[SPEAKER_02] And then we'd gather for lunch and Drew would take his retainer out and put it on the table while we were having lunch.,"[SPEAKER_02] Oh, okay. [SEP] [SPEAKER_02] So we spent the whole day doing like singing and dancing and acting classes. [SEP] [SPEAKER_02] And then we'd gather for lunch and Drew would take his retainer out and put it on the table while we were having lunch."
meeting05_importance_score,31,And then we'd gather for lunch and Drew would take his retainer out and put it on the table while we were having lunch.,1,SPEAKER_02,128.656,135.986,train,SPEAKER_02,So we spent the whole day doing like singing and dancing and acting classes.,SPEAKER_02,"And I said, please don't do that.",[SPEAKER_02] So we spent the whole day doing like singing and dancing and acting classes.,[SPEAKER_02] And then we'd gather for lunch and Drew would take his retainer out and put it on the table while we were having lunch.,"[SPEAKER_02] And I said, please don't do that.","[SPEAKER_02] So we spent the whole day doing like singing and dancing and acting classes. [SEP] [SPEAKER_02] And then we'd gather for lunch and Drew would take his retainer out and put it on the table while we were having lunch. [SEP] [SPEAKER_02] And I said, please don't do that."
meeting05_importance_score,32,"And I said, please don't do that.",1,SPEAKER_02,136.258,137.72,train,SPEAKER_02,And then we'd gather for lunch and Drew would take his retainer out and put it on the table while we were having lunch.,SPEAKER_02,It's unappetizing.,[SPEAKER_02] And then we'd gather for lunch and Drew would take his retainer out and put it on the table while we were having lunch.,"[SPEAKER_02] And I said, please don't do that.",[SPEAKER_02] It's unappetizing.,"[SPEAKER_02] And then we'd gather for lunch and Drew would take his retainer out and put it on the table while we were having lunch. [SEP] [SPEAKER_02] And I said, please don't do that. [SEP] [SPEAKER_02] It's unappetizing."
meeting05_importance_score,33,It's unappetizing.,0,SPEAKER_02,139.461,141.223,train,SPEAKER_02,"And I said, please don't do that.",SPEAKER_02,And he was very offended.,"[SPEAKER_02] And I said, please don't do that.",[SPEAKER_02] It's unappetizing.,[SPEAKER_02] And he was very offended.,"[SPEAKER_02] And I said, please don't do that. [SEP] [SPEAKER_02] It's unappetizing. [SEP] [SPEAKER_02] And he was very offended."
meeting05_importance_score,34,And he was very offended.,0,SPEAKER_02,142.004,143.686,train,SPEAKER_02,It's unappetizing.,SPEAKER_02,And he didn't talk to me for a little.,[SPEAKER_02] It's unappetizing.,[SPEAKER_02] And he was very offended.,[SPEAKER_02] And he didn't talk to me for a little.,[SPEAKER_02] It's unappetizing. [SEP] [SPEAKER_02] And he was very offended. [SEP] [SPEAKER_02] And he didn't talk to me for a little.
meeting05_importance_score,35,And he didn't talk to me for a little.,1,SPEAKER_02,143.886,145.828,train,SPEAKER_02,And he was very offended.,SPEAKER_02,But then we made up.,[SPEAKER_02] And he was very offended.,[SPEAKER_02] And he didn't talk to me for a little.,[SPEAKER_02] But then we made up.,[SPEAKER_02] And he was very offended. [SEP] [SPEAKER_02] And he didn't talk to me for a little. [SEP] [SPEAKER_02] But then we made up.
meeting05_importance_score,36,But then we made up.,0,SPEAKER_02,146.149,147.01,train,SPEAKER_02,And he didn't talk to me for a little.,SPEAKER_00,Okay.,[SPEAKER_02] And he didn't talk to me for a little.,[SPEAKER_02] But then we made up.,[SPEAKER_00] Okay.,[SPEAKER_02] And he didn't talk to me for a little. [SEP] [SPEAKER_02] But then we made up. [SEP] [SPEAKER_00] Okay.
meeting05_importance_score,37,Okay.,0,SPEAKER_00,147.03,147.63,train,SPEAKER_02,But then we made up.,SPEAKER_00,How long was it?,[SPEAKER_02] But then we made up.,[SPEAKER_00] Okay.,[SPEAKER_00] How long was it?,[SPEAKER_02] But then we made up. [SEP] [SPEAKER_00] Okay. [SEP] [SPEAKER_00] How long was it?
meeting05_importance_score,38,How long was it?,1,SPEAKER_00,147.65,148.371,train,SPEAKER_00,Okay.,SPEAKER_00,"Because I imagine quite dramatic at a theatre camp, a fallout.",[SPEAKER_00] Okay.,[SPEAKER_00] How long was it?,"[SPEAKER_00] Because I imagine quite dramatic at a theatre camp, a fallout.","[SPEAKER_00] Okay. [SEP] [SPEAKER_00] How long was it? [SEP] [SPEAKER_00] Because I imagine quite dramatic at a theatre camp, a fallout."
meeting05_importance_score,39,"Because I imagine quite dramatic at a theatre camp, a fallout.",1,SPEAKER_00,148.391,151.595,train,SPEAKER_00,How long was it?,SPEAKER_02,It was a dramatic theatre camp.,[SPEAKER_00] How long was it?,"[SPEAKER_00] Because I imagine quite dramatic at a theatre camp, a fallout.",[SPEAKER_02] It was a dramatic theatre camp.,"[SPEAKER_00] How long was it? [SEP] [SPEAKER_00] Because I imagine quite dramatic at a theatre camp, a fallout. [SEP] [SPEAKER_02] It was a dramatic theatre camp."
meeting05_importance_score,40,It was a dramatic theatre camp.,0,SPEAKER_02,151.615,155.259,train,SPEAKER_00,"Because I imagine quite dramatic at a theatre camp, a fallout.",SPEAKER_02,True.,"[SPEAKER_00] Because I imagine quite dramatic at a theatre camp, a fallout.",[SPEAKER_02] It was a dramatic theatre camp.,[SPEAKER_02] True.,"[SPEAKER_00] Because I imagine quite dramatic at a theatre camp, a fallout. [SEP] [SPEAKER_02] It was a dramatic theatre camp. [SEP] [SPEAKER_02] True."
meeting05_importance_score,41,True.,0,SPEAKER_02,156.1,156.24,train,SPEAKER_02,It was a dramatic theatre camp.,SPEAKER_02,I don't remember.,[SPEAKER_02] It was a dramatic theatre camp.,[SPEAKER_02] True.,[SPEAKER_02] I don't remember.,[SPEAKER_02] It was a dramatic theatre camp. [SEP] [SPEAKER_02] True. [SEP] [SPEAKER_02] I don't remember.
meeting05_importance_score,42,I don't remember.,0,SPEAKER_02,156.94,158.422,train,SPEAKER_02,True.,SPEAKER_01,And did he put it away or he left it there?,[SPEAKER_02] True.,[SPEAKER_02] I don't remember.,[SPEAKER_01] And did he put it away or he left it there?,[SPEAKER_02] True. [SEP] [SPEAKER_02] I don't remember. [SEP] [SPEAKER_01] And did he put it away or he left it there?
meeting05_importance_score,43,And did he put it away or he left it there?,1,SPEAKER_01,158.762,160.604,train,SPEAKER_02,I don't remember.,SPEAKER_02,I think he...,[SPEAKER_02] I don't remember.,[SPEAKER_01] And did he put it away or he left it there?,[SPEAKER_02] I think he...,[SPEAKER_02] I don't remember. [SEP] [SPEAKER_01] And did he put it away or he left it there? [SEP] [SPEAKER_02] I think he...
meeting05_importance_score,44,I think he...,0,SPEAKER_02,161.445,162.066,train,SPEAKER_01,And did he put it away or he left it there?,SPEAKER_02,"I think he did put it away, but also iced me for a few weeks.",[SPEAKER_01] And did he put it away or he left it there?,[SPEAKER_02] I think he...,"[SPEAKER_02] I think he did put it away, but also iced me for a few weeks.","[SPEAKER_01] And did he put it away or he left it there? [SEP] [SPEAKER_02] I think he... [SEP] [SPEAKER_02] I think he did put it away, but also iced me for a few weeks."
meeting05_importance_score,45,"I think he did put it away, but also iced me for a few weeks.",1,SPEAKER_02,162.402,167.548,train,SPEAKER_02,I think he...,SPEAKER_00,He never recovered.,[SPEAKER_02] I think he...,"[SPEAKER_02] I think he did put it away, but also iced me for a few weeks.",[SPEAKER_00] He never recovered.,"[SPEAKER_02] I think he... [SEP] [SPEAKER_02] I think he did put it away, but also iced me for a few weeks. [SEP] [SPEAKER_00] He never recovered."
meeting05_importance_score,46,He never recovered.,0,SPEAKER_00,167.568,168.609,train,SPEAKER_02,"I think he did put it away, but also iced me for a few weeks.",SPEAKER_00,He's got the most f***ed up teeth.,"[SPEAKER_02] I think he did put it away, but also iced me for a few weeks.",[SPEAKER_00] He never recovered.,[SPEAKER_00] He's got the most f***ed up teeth.,"[SPEAKER_02] I think he did put it away, but also iced me for a few weeks. [SEP] [SPEAKER_00] He never recovered. [SEP] [SPEAKER_00] He's got the most f***ed up teeth."
meeting05_importance_score,47,He's got the most f***ed up teeth.,1,SPEAKER_00,168.629,173.915,train,SPEAKER_00,He never recovered.,SPEAKER_00,He's like this.,[SPEAKER_00] He never recovered.,[SPEAKER_00] He's got the most f***ed up teeth.,[SPEAKER_00] He's like this.,[SPEAKER_00] He never recovered. [SEP] [SPEAKER_00] He's got the most f***ed up teeth. [SEP] [SPEAKER_00] He's like this.
meeting05_importance_score,48,He's like this.,0,SPEAKER_00,173.935,175.316,train,SPEAKER_00,He's got the most f***ed up teeth.,SPEAKER_00,"He's like, Natalie destroyed it the next time.",[SPEAKER_00] He's got the most f***ed up teeth.,[SPEAKER_00] He's like this.,"[SPEAKER_00] He's like, Natalie destroyed it the next time.","[SPEAKER_00] He's got the most f***ed up teeth. [SEP] [SPEAKER_00] He's like this. [SEP] [SPEAKER_00] He's like, Natalie destroyed it the next time."
meeting05_importance_score,49,"He's like, Natalie destroyed it the next time.",1,SPEAKER_00,175.577,178.199,train,SPEAKER_00,He's like this.,SPEAKER_01,"I was like, no way.",[SPEAKER_00] He's like this.,"[SPEAKER_00] He's like, Natalie destroyed it the next time.","[SPEAKER_01] I was like, no way.","[SPEAKER_00] He's like this. [SEP] [SPEAKER_00] He's like, Natalie destroyed it the next time. [SEP] [SPEAKER_01] I was like, no way."
meeting05_importance_score,50,"I was like, no way.",0,SPEAKER_01,178.3,179.281,train,SPEAKER_00,"He's like, Natalie destroyed it the next time.",SPEAKER_02,I love that Drew.,"[SPEAKER_00] He's like, Natalie destroyed it the next time.","[SPEAKER_01] I was like, no way.",[SPEAKER_02] I love that Drew.,"[SPEAKER_00] He's like, Natalie destroyed it the next time. [SEP] [SPEAKER_01] I was like, no way. [SEP] [SPEAKER_02] I love that Drew."
meeting05_importance_score,51,I love that Drew.,0,SPEAKER_02,179.301,180.963,train,SPEAKER_01,"I was like, no way.",SPEAKER_00,We love that Drew.,"[SPEAKER_01] I was like, no way.",[SPEAKER_02] I love that Drew.,[SPEAKER_00] We love that Drew.,"[SPEAKER_01] I was like, no way. [SEP] [SPEAKER_02] I love that Drew. [SEP] [SPEAKER_00] We love that Drew."
meeting05_importance_score,52,We love that Drew.,0,SPEAKER_00,181.043,181.924,train,SPEAKER_02,I love that Drew.,SPEAKER_00,We love that Drew.,[SPEAKER_02] I love that Drew.,[SPEAKER_00] We love that Drew.,[SPEAKER_00] We love that Drew.,[SPEAKER_02] I love that Drew. [SEP] [SPEAKER_00] We love that Drew. [SEP] [SPEAKER_00] We love that Drew.
meeting05_importance_score,53,We love that Drew.,0,SPEAKER_00,181.944,182.885,train,SPEAKER_00,We love that Drew.,SPEAKER_00,"And we mentioned awards, not just any measly schmeezy award at the start of the show.",[SPEAKER_00] We love that Drew.,[SPEAKER_00] We love that Drew.,"[SPEAKER_00] And we mentioned awards, not just any measly schmeezy award at the start of the show.","[SPEAKER_00] We love that Drew. [SEP] [SPEAKER_00] We love that Drew. [SEP] [SPEAKER_00] And we mentioned awards, not just any measly schmeezy award at the start of the show."
meeting05_importance_score,54,"And we mentioned awards, not just any measly schmeezy award at the start of the show.",1,SPEAKER_00,183.265,187.73,train,SPEAKER_00,We love that Drew.,SPEAKER_00,the big O at the Oscar.,[SPEAKER_00] We love that Drew.,"[SPEAKER_00] And we mentioned awards, not just any measly schmeezy award at the start of the show.",[SPEAKER_00] the big O at the Oscar.,"[SPEAKER_00] We love that Drew. [SEP] [SPEAKER_00] And we mentioned awards, not just any measly schmeezy award at the start of the show. [SEP] [SPEAKER_00] the big O at the Oscar."
meeting05_importance_score,55,the big O at the Oscar.,1,SPEAKER_00,187.874,189.356,train,SPEAKER_00,"And we mentioned awards, not just any measly schmeezy award at the start of the show.",SPEAKER_00,What happens to one life when you go to things afterwards?,"[SPEAKER_00] And we mentioned awards, not just any measly schmeezy award at the start of the show.",[SPEAKER_00] the big O at the Oscar.,[SPEAKER_00] What happens to one life when you go to things afterwards?,"[SPEAKER_00] And we mentioned awards, not just any measly schmeezy award at the start of the show. [SEP] [SPEAKER_00] the big O at the Oscar. [SEP] [SPEAKER_00] What happens to one life when you go to things afterwards?"
meeting05_importance_score,56,What happens to one life when you go to things afterwards?,1,SPEAKER_00,189.596,195.703,train,SPEAKER_00,the big O at the Oscar.,SPEAKER_00,Because imagine like your day-to-day life is pretty much the same.,[SPEAKER_00] the big O at the Oscar.,[SPEAKER_00] What happens to one life when you go to things afterwards?,[SPEAKER_00] Because imagine like your day-to-day life is pretty much the same.,[SPEAKER_00] the big O at the Oscar. [SEP] [SPEAKER_00] What happens to one life when you go to things afterwards? [SEP] [SPEAKER_00] Because imagine like your day-to-day life is pretty much the same.
meeting05_importance_score,57,Because imagine like your day-to-day life is pretty much the same.,1,SPEAKER_00,195.723,198.006,train,SPEAKER_00,What happens to one life when you go to things afterwards?,SPEAKER_00,But what happens when you start winning an Oscar and you win these big awards?,[SPEAKER_00] What happens to one life when you go to things afterwards?,[SPEAKER_00] Because imagine like your day-to-day life is pretty much the same.,[SPEAKER_00] But what happens when you start winning an Oscar and you win these big awards?,[SPEAKER_00] What happens to one life when you go to things afterwards? [SEP] [SPEAKER_00] Because imagine like your day-to-day life is pretty much the same. [SEP] [SPEAKER_00] But what happens when you start winning an Oscar and you win these big awards?
meeting05_importance_score,58,But what happens when you start winning an Oscar and you win these big awards?,1,SPEAKER_00,198.267,202.552,train,SPEAKER_00,Because imagine like your day-to-day life is pretty much the same.,SPEAKER_00,Do you think about your career differently?,[SPEAKER_00] Because imagine like your day-to-day life is pretty much the same.,[SPEAKER_00] But what happens when you start winning an Oscar and you win these big awards?,[SPEAKER_00] Do you think about your career differently?,[SPEAKER_00] Because imagine like your day-to-day life is pretty much the same. [SEP] [SPEAKER_00] But what happens when you start winning an Oscar and you win these big awards? [SEP] [SPEAKER_00] Do you think about your career differently?
meeting05_importance_score,59,Do you think about your career differently?,1,SPEAKER_00,203.473,205.215,train,SPEAKER_00,But what happens when you start winning an Oscar and you win these big awards?,SPEAKER_00,Does it make people behave to you differently?,[SPEAKER_00] But what happens when you start winning an Oscar and you win these big awards?,[SPEAKER_00] Do you think about your career differently?,[SPEAKER_00] Does it make people behave to you differently?,[SPEAKER_00] But what happens when you start winning an Oscar and you win these big awards? [SEP] [SPEAKER_00] Do you think about your career differently? [SEP] [SPEAKER_00] Does it make people behave to you differently?
meeting05_importance_score,60,Does it make people behave to you differently?,1,SPEAKER_00,205.355,207.618,train,SPEAKER_00,Do you think about your career differently?,SPEAKER_00,What happens?,[SPEAKER_00] Do you think about your career differently?,[SPEAKER_00] Does it make people behave to you differently?,[SPEAKER_00] What happens?,[SPEAKER_00] Do you think about your career differently? [SEP] [SPEAKER_00] Does it make people behave to you differently? [SEP] [SPEAKER_00] What happens?
meeting05_importance_score,61,What happens?,1,SPEAKER_00,208.219,208.719,train,SPEAKER_00,Does it make people behave to you differently?,SPEAKER_00,"Or are you just like, eh?",[SPEAKER_00] Does it make people behave to you differently?,[SPEAKER_00] What happens?,"[SPEAKER_00] Or are you just like, eh?","[SPEAKER_00] Does it make people behave to you differently? [SEP] [SPEAKER_00] What happens? [SEP] [SPEAKER_00] Or are you just like, eh?"
meeting05_importance_score,62,"Or are you just like, eh?",1,SPEAKER_00,208.739,209.48,train,SPEAKER_00,What happens?,SPEAKER_02,"No, no, I don't think so.",[SPEAKER_00] What happens?,"[SPEAKER_00] Or are you just like, eh?","[SPEAKER_02] No, no, I don't think so.","[SPEAKER_00] What happens? [SEP] [SPEAKER_00] Or are you just like, eh? [SEP] [SPEAKER_02] No, no, I don't think so."
meeting05_importance_score,63,"No, no, I don't think so.",1,SPEAKER_02,209.5,211.763,train,SPEAKER_00,"Or are you just like, eh?",SPEAKER_02,The main thing was I was pregnant when I went through,"[SPEAKER_00] Or are you just like, eh?","[SPEAKER_02] No, no, I don't think so.",[SPEAKER_02] The main thing was I was pregnant when I went through,"[SPEAKER_00] Or are you just like, eh? [SEP] [SPEAKER_02] No, no, I don't think so. [SEP] [SPEAKER_02] The main thing was I was pregnant when I went through"
meeting05_importance_score,64,The main thing was I was pregnant when I went through,1,SPEAKER_02,212.264,217.65,train,SPEAKER_02,"No, no, I don't think so.",SPEAKER_02,that award season.,"[SPEAKER_02] No, no, I don't think so.",[SPEAKER_02] The main thing was I was pregnant when I went through,[SPEAKER_02] that award season.,"[SPEAKER_02] No, no, I don't think so. [SEP] [SPEAKER_02] The main thing was I was pregnant when I went through [SEP] [SPEAKER_02] that award season."
meeting05_importance_score,65,that award season.,0,SPEAKER_02,217.89,219.031,train,SPEAKER_02,The main thing was I was pregnant when I went through,SPEAKER_02,"So I couldn't drink at all during like all of those events, which was hard.",[SPEAKER_02] The main thing was I was pregnant when I went through,[SPEAKER_02] that award season.,"[SPEAKER_02] So I couldn't drink at all during like all of those events, which was hard.","[SPEAKER_02] The main thing was I was pregnant when I went through [SEP] [SPEAKER_02] that award season. [SEP] [SPEAKER_02] So I couldn't drink at all during like all of those events, which was hard."
meeting05_importance_score,66,"So I couldn't drink at all during like all of those events, which was hard.",1,SPEAKER_02,219.091,226.619,train,SPEAKER_02,that award season.,SPEAKER_00,It's a lot of like...,[SPEAKER_02] that award season.,"[SPEAKER_02] So I couldn't drink at all during like all of those events, which was hard.",[SPEAKER_00] It's a lot of like...,"[SPEAKER_02] that award season. [SEP] [SPEAKER_02] So I couldn't drink at all during like all of those events, which was hard. [SEP] [SPEAKER_00] It's a lot of like..."
meeting05_importance_score,67,It's a lot of like...,0,SPEAKER_00,226.639,233.145,train,SPEAKER_02,"So I couldn't drink at all during like all of those events, which was hard.",SPEAKER_00,It's a lot of stress.,"[SPEAKER_02] So I couldn't drink at all during like all of those events, which was hard.",[SPEAKER_00] It's a lot of like...,[SPEAKER_00] It's a lot of stress.,"[SPEAKER_02] So I couldn't drink at all during like all of those events, which was hard. [SEP] [SPEAKER_00] It's a lot of like... [SEP] [SPEAKER_00] It's a lot of stress."
meeting05_importance_score,68,It's a lot of stress.,1,SPEAKER_00,233.305,235.167,train,SPEAKER_00,It's a lot of like...,SPEAKER_00,It's a lot of attention.,[SPEAKER_00] It's a lot of like...,[SPEAKER_00] It's a lot of stress.,[SPEAKER_00] It's a lot of attention.,[SPEAKER_00] It's a lot of like... [SEP] [SPEAKER_00] It's a lot of stress. [SEP] [SPEAKER_00] It's a lot of attention.
meeting05_importance_score,69,It's a lot of attention.,1,SPEAKER_00,235.227,237.149,train,SPEAKER_00,It's a lot of stress.,SPEAKER_02,It's a lot of... And I was sober while everyone else was not.,[SPEAKER_00] It's a lot of stress.,[SPEAKER_00] It's a lot of attention.,[SPEAKER_02] It's a lot of... And I was sober while everyone else was not.,[SPEAKER_00] It's a lot of stress. [SEP] [SPEAKER_00] It's a lot of attention. [SEP] [SPEAKER_02] It's a lot of... And I was sober while everyone else was not.
meeting05_importance_score,70,It's a lot of... And I was sober while everyone else was not.,1,SPEAKER_02,237.169,241.933,train,SPEAKER_00,It's a lot of attention.,SPEAKER_02,"And also I was so big, like,",[SPEAKER_00] It's a lot of attention.,[SPEAKER_02] It's a lot of... And I was sober while everyone else was not.,"[SPEAKER_02] And also I was so big, like,","[SPEAKER_00] It's a lot of attention. [SEP] [SPEAKER_02] It's a lot of... And I was sober while everyone else was not. [SEP] [SPEAKER_02] And also I was so big, like,"
meeting05_importance_score,71,"And also I was so big, like,",1,SPEAKER_02,241.954,246.578,train,SPEAKER_02,It's a lot of... And I was sober while everyone else was not.,SPEAKER_02,"Everyone was like, oh, you're gonna pop.",[SPEAKER_02] It's a lot of... And I was sober while everyone else was not.,"[SPEAKER_02] And also I was so big, like,","[SPEAKER_02] Everyone was like, oh, you're gonna pop.","[SPEAKER_02] It's a lot of... And I was sober while everyone else was not. [SEP] [SPEAKER_02] And also I was so big, like, [SEP] [SPEAKER_02] Everyone was like, oh, you're gonna pop."
meeting05_importance_score,72,"Everyone was like, oh, you're gonna pop.",1,SPEAKER_02,246.754,249.24,train,SPEAKER_02,"And also I was so big, like,",SPEAKER_02,"Like, and I was like, I'm four months pregnant.","[SPEAKER_02] And also I was so big, like,","[SPEAKER_02] Everyone was like, oh, you're gonna pop.","[SPEAKER_02] Like, and I was like, I'm four months pregnant.","[SPEAKER_02] And also I was so big, like, [SEP] [SPEAKER_02] Everyone was like, oh, you're gonna pop. [SEP] [SPEAKER_02] Like, and I was like, I'm four months pregnant."
meeting05_importance_score,73,"Like, and I was like, I'm four months pregnant.",1,SPEAKER_02,249.802,252.89,train,SPEAKER_02,"Everyone was like, oh, you're gonna pop.",SPEAKER_02,"Everyone was like, you must be giving birth tomorrow.","[SPEAKER_02] Everyone was like, oh, you're gonna pop.","[SPEAKER_02] Like, and I was like, I'm four months pregnant.","[SPEAKER_02] Everyone was like, you must be giving birth tomorrow.","[SPEAKER_02] Everyone was like, oh, you're gonna pop. [SEP] [SPEAKER_02] Like, and I was like, I'm four months pregnant. [SEP] [SPEAKER_02] Everyone was like, you must be giving birth tomorrow."
meeting05_importance_score,74,"Everyone was like, you must be giving birth tomorrow.",1,SPEAKER_02,252.97,256.659,train,SPEAKER_02,"Like, and I was like, I'm four months pregnant.",SPEAKER_02,What if it doesn't happen on the red carpet?,"[SPEAKER_02] Like, and I was like, I'm four months pregnant.","[SPEAKER_02] Everyone was like, you must be giving birth tomorrow.",[SPEAKER_02] What if it doesn't happen on the red carpet?,"[SPEAKER_02] Like, and I was like, I'm four months pregnant. [SEP] [SPEAKER_02] Everyone was like, you must be giving birth tomorrow. [SEP] [SPEAKER_02] What if it doesn't happen on the red carpet?"
meeting05_importance_score,75,What if it doesn't happen on the red carpet?,1,SPEAKER_02,256.679,258.845,train,SPEAKER_02,"Everyone was like, you must be giving birth tomorrow.",SPEAKER_02,"And I was like, I've got five more months to go.","[SPEAKER_02] Everyone was like, you must be giving birth tomorrow.",[SPEAKER_02] What if it doesn't happen on the red carpet?,"[SPEAKER_02] And I was like, I've got five more months to go.","[SPEAKER_02] Everyone was like, you must be giving birth tomorrow. [SEP] [SPEAKER_02] What if it doesn't happen on the red carpet? [SEP] [SPEAKER_02] And I was like, I've got five more months to go."
meeting05_importance_score,76,"And I was like, I've got five more months to go.",1,SPEAKER_02,258.865,264.178,train,SPEAKER_02,What if it doesn't happen on the red carpet?,SPEAKER_02,"Yeah, so I was definitely eating my way.",[SPEAKER_02] What if it doesn't happen on the red carpet?,"[SPEAKER_02] And I was like, I've got five more months to go.","[SPEAKER_02] Yeah, so I was definitely eating my way.","[SPEAKER_02] What if it doesn't happen on the red carpet? [SEP] [SPEAKER_02] And I was like, I've got five more months to go. [SEP] [SPEAKER_02] Yeah, so I was definitely eating my way."
meeting05_importance_score,77,"Yeah, so I was definitely eating my way.",1,SPEAKER_02,264.29,267.674,train,SPEAKER_02,"And I was like, I've got five more months to go.",SPEAKER_02,I was probably the only actress eating my way to the Oscars.,"[SPEAKER_02] And I was like, I've got five more months to go.","[SPEAKER_02] Yeah, so I was definitely eating my way.",[SPEAKER_02] I was probably the only actress eating my way to the Oscars.,"[SPEAKER_02] And I was like, I've got five more months to go. [SEP] [SPEAKER_02] Yeah, so I was definitely eating my way. [SEP] [SPEAKER_02] I was probably the only actress eating my way to the Oscars."
meeting05_importance_score,78,I was probably the only actress eating my way to the Oscars.,1,SPEAKER_02,267.754,274.022,train,SPEAKER_02,"Yeah, so I was definitely eating my way.",SPEAKER_02,I really...,"[SPEAKER_02] Yeah, so I was definitely eating my way.",[SPEAKER_02] I was probably the only actress eating my way to the Oscars.,[SPEAKER_02] I really...,"[SPEAKER_02] Yeah, so I was definitely eating my way. [SEP] [SPEAKER_02] I was probably the only actress eating my way to the Oscars. [SEP] [SPEAKER_02] I really..."
meeting05_importance_score,79,I really...,0,SPEAKER_02,274.042,274.983,train,SPEAKER_02,I was probably the only actress eating my way to the Oscars.,SPEAKER_02,I had a mille-feuille every day.,[SPEAKER_02] I was probably the only actress eating my way to the Oscars.,[SPEAKER_02] I really...,[SPEAKER_02] I had a mille-feuille every day.,[SPEAKER_02] I was probably the only actress eating my way to the Oscars. [SEP] [SPEAKER_02] I really... [SEP] [SPEAKER_02] I had a mille-feuille every day.
meeting05_importance_score,80,I had a mille-feuille every day.,1,SPEAKER_02,275.804,278.287,train,SPEAKER_02,I really...,SPEAKER_02,That was when I was still vegetarian.,[SPEAKER_02] I really...,[SPEAKER_02] I had a mille-feuille every day.,[SPEAKER_02] That was when I was still vegetarian.,[SPEAKER_02] I really... [SEP] [SPEAKER_02] I had a mille-feuille every day. [SEP] [SPEAKER_02] That was when I was still vegetarian.
meeting05_importance_score,81,That was when I was still vegetarian.,1,SPEAKER_02,278.328,280.01,train,SPEAKER_02,I had a mille-feuille every day.,SPEAKER_02,I had one every day of my pregnancy.,[SPEAKER_02] I had a mille-feuille every day.,[SPEAKER_02] That was when I was still vegetarian.,[SPEAKER_02] I had one every day of my pregnancy.,[SPEAKER_02] I had a mille-feuille every day. [SEP] [SPEAKER_02] That was when I was still vegetarian. [SEP] [SPEAKER_02] I had one every day of my pregnancy.
meeting05_importance_score,82,I had one every day of my pregnancy.,1,SPEAKER_02,280.55,282.333,train,SPEAKER_02,That was when I was still vegetarian.,SPEAKER_00,Absolutely.,[SPEAKER_02] That was when I was still vegetarian.,[SPEAKER_02] I had one every day of my pregnancy.,[SPEAKER_00] Absolutely.,[SPEAKER_02] That was when I was still vegetarian. [SEP] [SPEAKER_02] I had one every day of my pregnancy. [SEP] [SPEAKER_00] Absolutely.
meeting05_importance_score,83,Absolutely.,0,SPEAKER_00,282.413,283.574,train,SPEAKER_02,I had one every day of my pregnancy.,SPEAKER_00,It was a joy.,[SPEAKER_02] I had one every day of my pregnancy.,[SPEAKER_00] Absolutely.,[SPEAKER_00] It was a joy.,[SPEAKER_02] I had one every day of my pregnancy. [SEP] [SPEAKER_00] Absolutely. [SEP] [SPEAKER_00] It was a joy.
meeting05_importance_score,84,It was a joy.,0,SPEAKER_00,284.015,286.338,train,SPEAKER_00,Absolutely.,SPEAKER_00,And then where is it now?,[SPEAKER_00] Absolutely.,[SPEAKER_00] It was a joy.,[SPEAKER_00] And then where is it now?,[SPEAKER_00] Absolutely. [SEP] [SPEAKER_00] It was a joy. [SEP] [SPEAKER_00] And then where is it now?
meeting05_importance_score,85,And then where is it now?,1,SPEAKER_00,286.358,288.64,train,SPEAKER_00,It was a joy.,SPEAKER_00,Where do you put it?,[SPEAKER_00] It was a joy.,[SPEAKER_00] And then where is it now?,[SPEAKER_00] Where do you put it?,[SPEAKER_00] It was a joy. [SEP] [SPEAKER_00] And then where is it now? [SEP] [SPEAKER_00] Where do you put it?
meeting05_importance_score,86,Where do you put it?,1,SPEAKER_00,288.881,289.682,train,SPEAKER_00,And then where is it now?,SPEAKER_02,It's in my safe...,[SPEAKER_00] And then where is it now?,[SPEAKER_00] Where do you put it?,[SPEAKER_02] It's in my safe...,[SPEAKER_00] And then where is it now? [SEP] [SPEAKER_00] Where do you put it? [SEP] [SPEAKER_02] It's in my safe...
meeting05_importance_score,87,It's in my safe...,0,SPEAKER_02,291.484,293.106,train,SPEAKER_00,Where do you put it?,SPEAKER_02,"You know, someone said to me, like, it's literally like in the Bible when they talk about, like, golden idol worship, you know?",[SPEAKER_00] Where do you put it?,[SPEAKER_02] It's in my safe...,"[SPEAKER_02] You know, someone said to me, like, it's literally like in the Bible when they talk about, like, golden idol worship, you know?","[SPEAKER_00] Where do you put it? [SEP] [SPEAKER_02] It's in my safe... [SEP] [SPEAKER_02] You know, someone said to me, like, it's literally like in the Bible when they talk about, like, golden idol worship, you know?"
meeting05_importance_score,88,"You know, someone said to me, like, it's literally like in the Bible when they talk about, like, golden idol worship, you know?",1,SPEAKER_02,293.826,302.415,train,SPEAKER_02,It's in my safe...,SPEAKER_02,It's literally that.,[SPEAKER_02] It's in my safe...,"[SPEAKER_02] You know, someone said to me, like, it's literally like in the Bible when they talk about, like, golden idol worship, you know?",[SPEAKER_02] It's literally that.,"[SPEAKER_02] It's in my safe... [SEP] [SPEAKER_02] You know, someone said to me, like, it's literally like in the Bible when they talk about, like, golden idol worship, you know? [SEP] [SPEAKER_02] It's literally that."
meeting05_importance_score,89,It's literally that.,0,SPEAKER_02,302.875,303.776,train,SPEAKER_02,"You know, someone said to me, like, it's literally like in the Bible when they talk about, like, golden idol worship, you know?",SPEAKER_02,"And I was like, oh, yeah.","[SPEAKER_02] You know, someone said to me, like, it's literally like in the Bible when they talk about, like, golden idol worship, you know?",[SPEAKER_02] It's literally that.,"[SPEAKER_02] And I was like, oh, yeah.","[SPEAKER_02] You know, someone said to me, like, it's literally like in the Bible when they talk about, like, golden idol worship, you know? [SEP] [SPEAKER_02] It's literally that. [SEP] [SPEAKER_02] And I was like, oh, yeah."
meeting05_importance_score,90,"And I was like, oh, yeah.",1,SPEAKER_02,304.297,305.638,train,SPEAKER_02,It's literally that.,SPEAKER_02,"So, yeah, yeah.",[SPEAKER_02] It's literally that.,"[SPEAKER_02] And I was like, oh, yeah.","[SPEAKER_02] So, yeah, yeah.","[SPEAKER_02] It's literally that. [SEP] [SPEAKER_02] And I was like, oh, yeah. [SEP] [SPEAKER_02] So, yeah, yeah."
meeting05_importance_score,91,"So, yeah, yeah.",1,SPEAKER_02,306.399,307.82,train,SPEAKER_02,"And I was like, oh, yeah.",SPEAKER_00,"Yeah, I mean, it's always one of those things because when you, you know, we have people on or have people on the radio who've won awards.","[SPEAKER_02] And I was like, oh, yeah.","[SPEAKER_02] So, yeah, yeah.","[SPEAKER_00] Yeah, I mean, it's always one of those things because when you, you know, we have people on or have people on the radio who've won awards.","[SPEAKER_02] And I was like, oh, yeah. [SEP] [SPEAKER_02] So, yeah, yeah. [SEP] [SPEAKER_00] Yeah, I mean, it's always one of those things because when you, you know, we have people on or have people on the radio who've won awards."
meeting05_importance_score,92,"Yeah, I mean, it's always one of those things because when you, you know, we have people on or have people on the radio who've won awards.",1,SPEAKER_00,308.06,314.166,train,SPEAKER_02,"So, yeah, yeah.",SPEAKER_00,"And I always think, because you don't have them like out out.","[SPEAKER_02] So, yeah, yeah.","[SPEAKER_00] Yeah, I mean, it's always one of those things because when you, you know, we have people on or have people on the radio who've won awards.","[SPEAKER_00] And I always think, because you don't have them like out out.","[SPEAKER_02] So, yeah, yeah. [SEP] [SPEAKER_00] Yeah, I mean, it's always one of those things because when you, you know, we have people on or have people on the radio who've won awards. [SEP] [SPEAKER_00] And I always think, because you don't have them like out out."
meeting05_importance_score,93,"And I always think, because you don't have them like out out.",1,SPEAKER_00,314.707,318.311,train,SPEAKER_00,"Yeah, I mean, it's always one of those things because when you, you know, we have people on or have people on the radio who've won awards.",SPEAKER_00,Because it's quite crazy to have it like in your living room.,"[SPEAKER_00] Yeah, I mean, it's always one of those things because when you, you know, we have people on or have people on the radio who've won awards.","[SPEAKER_00] And I always think, because you don't have them like out out.",[SPEAKER_00] Because it's quite crazy to have it like in your living room.,"[SPEAKER_00] Yeah, I mean, it's always one of those things because when you, you know, we have people on or have people on the radio who've won awards. [SEP] [SPEAKER_00] And I always think, because you don't have them like out out. [SEP] [SPEAKER_00] Because it's quite crazy to have it like in your living room."
meeting05_importance_score,94,Because it's quite crazy to have it like in your living room.,1,SPEAKER_00,318.571,321.173,train,SPEAKER_00,"And I always think, because you don't have them like out out.",SPEAKER_02,Yeah.,"[SPEAKER_00] And I always think, because you don't have them like out out.",[SPEAKER_00] Because it's quite crazy to have it like in your living room.,[SPEAKER_02] Yeah.,"[SPEAKER_00] And I always think, because you don't have them like out out. [SEP] [SPEAKER_00] Because it's quite crazy to have it like in your living room. [SEP] [SPEAKER_02] Yeah."
meeting05_importance_score,95,Yeah.,0,SPEAKER_02,321.314,321.714,train,SPEAKER_00,Because it's quite crazy to have it like in your living room.,SPEAKER_00,"You know, like your family will be like, we get it.",[SPEAKER_00] Because it's quite crazy to have it like in your living room.,[SPEAKER_02] Yeah.,"[SPEAKER_00] You know, like your family will be like, we get it.","[SPEAKER_00] Because it's quite crazy to have it like in your living room. [SEP] [SPEAKER_02] Yeah. [SEP] [SPEAKER_00] You know, like your family will be like, we get it."
meeting05_importance_score,96,"You know, like your family will be like, we get it.",1,SPEAKER_00,321.794,323.596,train,SPEAKER_02,Yeah.,SPEAKER_02,It's a little like having like a giant portrait of yourself on the wall.,[SPEAKER_02] Yeah.,"[SPEAKER_00] You know, like your family will be like, we get it.",[SPEAKER_02] It's a little like having like a giant portrait of yourself on the wall.,"[SPEAKER_02] Yeah. [SEP] [SPEAKER_00] You know, like your family will be like, we get it. [SEP] [SPEAKER_02] It's a little like having like a giant portrait of yourself on the wall."
meeting05_importance_score,97,It's a little like having like a giant portrait of yourself on the wall.,1,SPEAKER_02,323.856,328.76,train,SPEAKER_00,"You know, like your family will be like, we get it.",SPEAKER_02,"Some people do it, but...","[SPEAKER_00] You know, like your family will be like, we get it.",[SPEAKER_02] It's a little like having like a giant portrait of yourself on the wall.,"[SPEAKER_02] Some people do it, but...","[SPEAKER_00] You know, like your family will be like, we get it. [SEP] [SPEAKER_02] It's a little like having like a giant portrait of yourself on the wall. [SEP] [SPEAKER_02] Some people do it, but..."
meeting05_importance_score,98,"Some people do it, but...",0,SPEAKER_02,328.78,330.281,train,SPEAKER_02,It's a little like having like a giant portrait of yourself on the wall.,SPEAKER_01,Some people do.,[SPEAKER_02] It's a little like having like a giant portrait of yourself on the wall.,"[SPEAKER_02] Some people do it, but...",[SPEAKER_01] Some people do.,"[SPEAKER_02] It's a little like having like a giant portrait of yourself on the wall. [SEP] [SPEAKER_02] Some people do it, but... [SEP] [SPEAKER_01] Some people do."
meeting05_importance_score,99,Some people do.,0,SPEAKER_01,330.301,331.022,train,SPEAKER_02,"Some people do it, but...",SPEAKER_00,Some people do.,"[SPEAKER_02] Some people do it, but...",[SPEAKER_01] Some people do.,[SPEAKER_00] Some people do.,"[SPEAKER_02] Some people do it, but... [SEP] [SPEAKER_01] Some people do. [SEP] [SPEAKER_00] Some people do."
meeting05_importance_score,100,Some people do.,0,SPEAKER_00,331.082,331.603,train,SPEAKER_01,Some people do.,SPEAKER_00,"But it's also something that, you know, you worked hard at and you're talented and you deserved it.",[SPEAKER_01] Some people do.,[SPEAKER_00] Some people do.,"[SPEAKER_00] But it's also something that, you know, you worked hard at and you're talented and you deserved it.","[SPEAKER_01] Some people do. [SEP] [SPEAKER_00] Some people do. [SEP] [SPEAKER_00] But it's also something that, you know, you worked hard at and you're talented and you deserved it."
meeting05_importance_score,101,"But it's also something that, you know, you worked hard at and you're talented and you deserved it.",1,SPEAKER_00,332.083,337.207,train,SPEAKER_00,Some people do.,SPEAKER_00,"So it's one of those funny things, like I always say, I remember...",[SPEAKER_00] Some people do.,"[SPEAKER_00] But it's also something that, you know, you worked hard at and you're talented and you deserved it.","[SPEAKER_00] So it's one of those funny things, like I always say, I remember...","[SPEAKER_00] Some people do. [SEP] [SPEAKER_00] But it's also something that, you know, you worked hard at and you're talented and you deserved it. [SEP] [SPEAKER_00] So it's one of those funny things, like I always say, I remember..."
meeting05_importance_score,102,"So it's one of those funny things, like I always say, I remember...",1,SPEAKER_00,337.227,339.569,train,SPEAKER_00,"But it's also something that, you know, you worked hard at and you're talented and you deserved it.",SPEAKER_00,"I don't know, a lot of people work hard and a lot of people are talented.","[SPEAKER_00] But it's also something that, you know, you worked hard at and you're talented and you deserved it.","[SPEAKER_00] So it's one of those funny things, like I always say, I remember...","[SPEAKER_00] I don't know, a lot of people work hard and a lot of people are talented.","[SPEAKER_00] But it's also something that, you know, you worked hard at and you're talented and you deserved it. [SEP] [SPEAKER_00] So it's one of those funny things, like I always say, I remember... [SEP] [SPEAKER_00] I don't know, a lot of people work hard and a lot of people are talented."
meeting05_importance_score,103,"I don't know, a lot of people work hard and a lot of people are talented.",1,SPEAKER_00,339.589,342.732,train,SPEAKER_00,"So it's one of those funny things, like I always say, I remember...",SPEAKER_00,It's funny.,"[SPEAKER_00] So it's one of those funny things, like I always say, I remember...","[SPEAKER_00] I don't know, a lot of people work hard and a lot of people are talented.",[SPEAKER_00] It's funny.,"[SPEAKER_00] So it's one of those funny things, like I always say, I remember... [SEP] [SPEAKER_00] I don't know, a lot of people work hard and a lot of people are talented. [SEP] [SPEAKER_00] It's funny."
meeting05_importance_score,104,It's funny.,0,SPEAKER_00,342.752,343.253,train,SPEAKER_00,"I don't know, a lot of people work hard and a lot of people are talented.",SPEAKER_01,"Yeah, stick it in the safe.","[SPEAKER_00] I don't know, a lot of people work hard and a lot of people are talented.",[SPEAKER_00] It's funny.,"[SPEAKER_01] Yeah, stick it in the safe.","[SPEAKER_00] I don't know, a lot of people work hard and a lot of people are talented. [SEP] [SPEAKER_00] It's funny. [SEP] [SPEAKER_01] Yeah, stick it in the safe."
meeting05_importance_score,105,"Yeah, stick it in the safe.",1,SPEAKER_01,343.493,345.214,train,SPEAKER_00,It's funny.,SPEAKER_01,Stick it in the safe.,[SPEAKER_00] It's funny.,"[SPEAKER_01] Yeah, stick it in the safe.",[SPEAKER_01] Stick it in the safe.,"[SPEAKER_00] It's funny. [SEP] [SPEAKER_01] Yeah, stick it in the safe. [SEP] [SPEAKER_01] Stick it in the safe."
meeting05_importance_score,106,Stick it in the safe.,0,SPEAKER_01,345.234,346.135,train,SPEAKER_01,"Yeah, stick it in the safe.",SPEAKER_01,"Yeah, because people like footballers will have their shirts up or record, you know, people do have lots of them.","[SPEAKER_01] Yeah, stick it in the safe.",[SPEAKER_01] Stick it in the safe.,"[SPEAKER_01] Yeah, because people like footballers will have their shirts up or record, you know, people do have lots of them.","[SPEAKER_01] Yeah, stick it in the safe. [SEP] [SPEAKER_01] Stick it in the safe. [SEP] [SPEAKER_01] Yeah, because people like footballers will have their shirts up or record, you know, people do have lots of them."
meeting05_importance_score,107,"Yeah, because people like footballers will have their shirts up or record, you know, people do have lots of them.",1,SPEAKER_01,346.155,351.78,train,SPEAKER_01,Stick it in the safe.,SPEAKER_00,"Yeah, I always remember Florence and the Machine fame having her Brit award, or one of her Brit awards, as a kitchen roll holder.",[SPEAKER_01] Stick it in the safe.,"[SPEAKER_01] Yeah, because people like footballers will have their shirts up or record, you know, people do have lots of them.","[SPEAKER_00] Yeah, I always remember Florence and the Machine fame having her Brit award, or one of her Brit awards, as a kitchen roll holder.","[SPEAKER_01] Stick it in the safe. [SEP] [SPEAKER_01] Yeah, because people like footballers will have their shirts up or record, you know, people do have lots of them. [SEP] [SPEAKER_00] Yeah, I always remember Florence and the Machine fame having her Brit award, or one of her Brit awards, as a kitchen roll holder."
meeting05_importance_score,108,"Yeah, I always remember Florence and the Machine fame having her Brit award, or one of her Brit awards, as a kitchen roll holder.",1,SPEAKER_00,351.76,361.983,train,SPEAKER_01,"Yeah, because people like footballers will have their shirts up or record, you know, people do have lots of them.",SPEAKER_00,"Oh, that's cool.","[SPEAKER_01] Yeah, because people like footballers will have their shirts up or record, you know, people do have lots of them.","[SPEAKER_00] Yeah, I always remember Florence and the Machine fame having her Brit award, or one of her Brit awards, as a kitchen roll holder.","[SPEAKER_00] Oh, that's cool.","[SPEAKER_01] Yeah, because people like footballers will have their shirts up or record, you know, people do have lots of them. [SEP] [SPEAKER_00] Yeah, I always remember Florence and the Machine fame having her Brit award, or one of her Brit awards, as a kitchen roll holder. [SEP] [SPEAKER_00] Oh, that's cool."
meeting05_importance_score,109,"Oh, that's cool.",0,SPEAKER_00,362.223,362.544,train,SPEAKER_00,"Yeah, I always remember Florence and the Machine fame having her Brit award, or one of her Brit awards, as a kitchen roll holder.",SPEAKER_00,"And I was like, that's quite good, because it's there, but it's covered.","[SPEAKER_00] Yeah, I always remember Florence and the Machine fame having her Brit award, or one of her Brit awards, as a kitchen roll holder.","[SPEAKER_00] Oh, that's cool.","[SPEAKER_00] And I was like, that's quite good, because it's there, but it's covered.","[SPEAKER_00] Yeah, I always remember Florence and the Machine fame having her Brit award, or one of her Brit awards, as a kitchen roll holder. [SEP] [SPEAKER_00] Oh, that's cool. [SEP] [SPEAKER_00] And I was like, that's quite good, because it's there, but it's covered."
meeting05_importance_score,110,"And I was like, that's quite good, because it's there, but it's covered.",1,SPEAKER_00,362.564,364.989,train,SPEAKER_00,"Oh, that's cool.",SPEAKER_00,That's a good idea.,"[SPEAKER_00] Oh, that's cool.","[SPEAKER_00] And I was like, that's quite good, because it's there, but it's covered.",[SPEAKER_00] That's a good idea.,"[SPEAKER_00] Oh, that's cool. [SEP] [SPEAKER_00] And I was like, that's quite good, because it's there, but it's covered. [SEP] [SPEAKER_00] That's a good idea."
meeting05_importance_score,111,That's a good idea.,0,SPEAKER_00,365.11,365.871,train,SPEAKER_00,"And I was like, that's quite good, because it's there, but it's covered.",SPEAKER_00,"Yeah, good idea.","[SPEAKER_00] And I was like, that's quite good, because it's there, but it's covered.",[SPEAKER_00] That's a good idea.,"[SPEAKER_00] Yeah, good idea.","[SPEAKER_00] And I was like, that's quite good, because it's there, but it's covered. [SEP] [SPEAKER_00] That's a good idea. [SEP] [SPEAKER_00] Yeah, good idea."
meeting05_importance_score,112,"Yeah, good idea.",0,SPEAKER_00,366.012,367.174,train,SPEAKER_00,That's a good idea.,SPEAKER_00,You stick a kitchen roll on your Oscar.,[SPEAKER_00] That's a good idea.,"[SPEAKER_00] Yeah, good idea.",[SPEAKER_00] You stick a kitchen roll on your Oscar.,"[SPEAKER_00] That's a good idea. [SEP] [SPEAKER_00] Yeah, good idea. [SEP] [SPEAKER_00] You stick a kitchen roll on your Oscar."
meeting05_importance_score,113,You stick a kitchen roll on your Oscar.,1,SPEAKER_00,367.275,368.918,train,SPEAKER_00,"Yeah, good idea.",SPEAKER_00,That's a good idea.,"[SPEAKER_00] Yeah, good idea.",[SPEAKER_00] You stick a kitchen roll on your Oscar.,[SPEAKER_00] That's a good idea.,"[SPEAKER_00] Yeah, good idea. [SEP] [SPEAKER_00] You stick a kitchen roll on your Oscar. [SEP] [SPEAKER_00] That's a good idea."
meeting05_importance_score,114,That's a good idea.,0,SPEAKER_00,368.938,370.642,train,SPEAKER_00,You stick a kitchen roll on your Oscar.,SPEAKER_00,"Because then it's like, you know, it's heads popping out.",[SPEAKER_00] You stick a kitchen roll on your Oscar.,[SPEAKER_00] That's a good idea.,"[SPEAKER_00] Because then it's like, you know, it's heads popping out.","[SPEAKER_00] You stick a kitchen roll on your Oscar. [SEP] [SPEAKER_00] That's a good idea. [SEP] [SPEAKER_00] Because then it's like, you know, it's heads popping out."
meeting05_importance_score,115,"Because then it's like, you know, it's heads popping out.",1,SPEAKER_00,370.882,373.688,train,SPEAKER_00,That's a good idea.,SPEAKER_02,"That's a real, like, kind of like backhanded, like, flex.",[SPEAKER_00] That's a good idea.,"[SPEAKER_00] Because then it's like, you know, it's heads popping out.","[SPEAKER_02] That's a real, like, kind of like backhanded, like, flex.","[SPEAKER_00] That's a good idea. [SEP] [SPEAKER_00] Because then it's like, you know, it's heads popping out. [SEP] [SPEAKER_02] That's a real, like, kind of like backhanded, like, flex."
meeting05_importance_score,116,"That's a real, like, kind of like backhanded, like, flex.",1,SPEAKER_02,373.708,377.816,train,SPEAKER_00,"Because then it's like, you know, it's heads popping out.",SPEAKER_00,Yeah.,"[SPEAKER_00] Because then it's like, you know, it's heads popping out.","[SPEAKER_02] That's a real, like, kind of like backhanded, like, flex.",[SPEAKER_00] Yeah.,"[SPEAKER_00] Because then it's like, you know, it's heads popping out. [SEP] [SPEAKER_02] That's a real, like, kind of like backhanded, like, flex. [SEP] [SPEAKER_00] Yeah."
meeting05_importance_score,117,Yeah.,0,SPEAKER_00,377.836,378.597,train,SPEAKER_02,"That's a real, like, kind of like backhanded, like, flex.",SPEAKER_00,It just helps me a lot.,"[SPEAKER_02] That's a real, like, kind of like backhanded, like, flex.",[SPEAKER_00] Yeah.,[SPEAKER_00] It just helps me a lot.,"[SPEAKER_02] That's a real, like, kind of like backhanded, like, flex. [SEP] [SPEAKER_00] Yeah. [SEP] [SPEAKER_00] It just helps me a lot."
meeting05_importance_score,118,It just helps me a lot.,1,SPEAKER_00,378.617,380.12,train,SPEAKER_00,Yeah.,SPEAKER_02,Whatever.,[SPEAKER_00] Yeah.,[SPEAKER_00] It just helps me a lot.,[SPEAKER_02] Whatever.,[SPEAKER_00] Yeah. [SEP] [SPEAKER_00] It just helps me a lot. [SEP] [SPEAKER_02] Whatever.
meeting05_importance_score,119,Whatever.,0,SPEAKER_02,380.16,380.681,train,SPEAKER_00,It just helps me a lot.,SPEAKER_02,I don't even care.,[SPEAKER_00] It just helps me a lot.,[SPEAKER_02] Whatever.,[SPEAKER_02] I don't even care.,[SPEAKER_00] It just helps me a lot. [SEP] [SPEAKER_02] Whatever. [SEP] [SPEAKER_02] I don't even care.
meeting05_importance_score,120,I don't even care.,0,SPEAKER_02,380.802,382.505,train,SPEAKER_02,Whatever.,SPEAKER_02,She's a door star.,[SPEAKER_02] Whatever.,[SPEAKER_02] I don't even care.,[SPEAKER_02] She's a door star.,[SPEAKER_02] Whatever. [SEP] [SPEAKER_02] I don't even care. [SEP] [SPEAKER_02] She's a door star.
meeting05_importance_score,121,She's a door star.,0,SPEAKER_02,383.347,384.549,train,SPEAKER_02,I don't even care.,SPEAKER_00,Whatever.,[SPEAKER_02] I don't even care.,[SPEAKER_02] She's a door star.,[SPEAKER_00] Whatever.,[SPEAKER_02] I don't even care. [SEP] [SPEAKER_02] She's a door star. [SEP] [SPEAKER_00] Whatever.
meeting05_importance_score,122,Whatever.,0,SPEAKER_00,385.912,386.994,train,SPEAKER_02,She's a door star.,,,[SPEAKER_02] She's a door star.,[SPEAKER_00] Whatever.,[NO_NEXT],[SPEAKER_02] She's a door star. [SEP] [SPEAKER_00] Whatever. [SEP] [NO_NEXT]
